,test_preds,test_truths,MSEs,MSE,RMSEs,RMSE,TMSEs,TMSE,SIDs,SID,SISs,SIS
ChemGPT-4.7M,"[[0.00199633 0.00207169 0.00227861 ... 0.00204531 0.00205268 0.00193341]
 [0.00198787 0.00206311 0.00226815 ... 0.00203672 0.00204353 0.00192478]
 [0.0019089  0.00198073 0.00217762 ... 0.00195326 0.0019626  0.00184675]
 ...
 [0.00188835 0.00196227 0.00215841 ... 0.00193622 0.00194182 0.00182814]
 [0.00190995 0.00198157 0.00217983 ... 0.00195476 0.00196354 0.00184723]
 [0.00197701 0.00205317 0.00225837 ... 0.0020273  0.00203376 0.00191553]]","[[0.00065335 0.00065751 0.00065664 ... 0.00055268 0.00055619 0.00055197]
 [0.00060137 0.00059222 0.00059868 ... 0.00051182 0.00051284 0.00051764]
 [0.00032637 0.00032851 0.00033004 ... 0.00065536 0.00065696 0.00064959]
 ...
 [0.00010431 0.00010668 0.00010681 ... 0.00054939 0.00055633 0.00053187]
 [0.00026898 0.0002701  0.00027052 ... 0.00049761 0.00049969 0.00049332]
 [0.00042537 0.00042623 0.00042813 ... 0.00051708 0.00051909 0.00051222]]","[3.0844587e-06 3.2945352e-06 2.3994437e-06 ... 2.6892674e-06 2.5106424e-06
 2.6993389e-06]","(3.1910703910398297e-06, 2.299807192684966e-06)",[0.00175626 0.00181509 0.00154901 ... 0.0016399  0.0015845  0.00164297],"(0.0017579226987436414, 0.00031747447792440653)",[0.01958669 0.04291825 0.01458575 ... 0.01942877 0.00559217 0.02500474],"(2.13285756111145, 17.737201690673828)",[3.0748024 3.2946155 2.3888738 ... 2.86294   2.6514866 2.7802684],"(3.2490508556365967, 1.1415444612503052)",[0.6639114  0.6591263  0.8555451  ... 0.6999682  0.77837586 0.79717875],"(0.684344470500946, 0.11119591444730759)"
