,test_preds,test_truths,MSEs,MSE,RMSEs,RMSE,TMSEs,TMSE,SIDs,SID,SISs,SIS
ChemGPT-4.7M,"[[0.00052666 0.00054302 0.00053979 ... 0.000856   0.00073122 0.00070131]
 [0.00066515 0.00071861 0.00071276 ... 0.0007608  0.0007321  0.00070509]
 [0.0006373  0.00070245 0.00064731 ... 0.00059155 0.00057317 0.00064314]
 ...
 [0.00068512 0.00062889 0.00061386 ... 0.00053723 0.00055016 0.00052047]
 [0.0005802  0.00063738 0.00056269 ... 0.00060257 0.00054786 0.00054857]
 [0.00051293 0.00053726 0.0005476  ... 0.00055503 0.00047582 0.00052045]]","[[0.00065335 0.00065751 0.00065664 ... 0.00055268 0.00055619 0.00055197]
 [0.00060137 0.00059222 0.00059868 ... 0.00051182 0.00051284 0.00051764]
 [0.00032637 0.00032851 0.00033004 ... 0.00065536 0.00065696 0.00064959]
 ...
 [0.00010431 0.00010668 0.00010681 ... 0.00054939 0.00055633 0.00053187]
 [0.00026898 0.0002701  0.00027052 ... 0.00049761 0.00049969 0.00049332]
 [0.00042537 0.00042623 0.00042813 ... 0.00051708 0.00051909 0.00051222]]","[3.05324306e-07 7.78822880e-07 1.05027055e-07 ... 4.75798345e-07
 2.35797941e-07 1.27521361e-07]","(5.223860739533848e-07, 1.4781239769945387e-06)",[0.00055256 0.00088251 0.00032408 ... 0.00068978 0.00048559 0.0003571 ],"(0.0006439044373109937, 0.0003283074765931815)",[0.00156974 0.00417791 0.00090083 ... 0.00167621 0.0001996  0.00084407],"(0.10909511893987656, 2.8122475147247314)",[0.23671861 0.73192924 0.21590374 ... 0.43122703 0.28524816 0.18161073],"(0.5062644481658936, 0.683752179145813)",[0.9014208  0.7104365  0.8915865  ... 0.8129194  0.8549768  0.91226435],"(0.8113285899162292, 0.09144605696201324)"
