,test_preds,test_truths,MSEs,MSE,RMSEs,RMSE,TMSEs,TMSE,SIDs,SID,SISs,SIS
ChemGPT-4.7M,"[[0.00061198 0.00068295 0.00066213 ... 0.00081671 0.00069578 0.00073496]
 [0.00062432 0.00059068 0.00061777 ... 0.00055599 0.00065249 0.00058828]
 [0.00056396 0.00066161 0.00061935 ... 0.00052155 0.00055054 0.00053521]
 ...
 [0.00058688 0.00067458 0.00072616 ... 0.00067149 0.00064901 0.00063941]
 [0.00107626 0.00099431 0.00107019 ... 0.00079042 0.00093008 0.00076371]
 [0.00051852 0.00065241 0.00063161 ... 0.00064275 0.00064256 0.00062791]]","[[0.00078641 0.00079039 0.00079061 ... 0.00066848 0.00067635 0.00065682]
 [0.00084052 0.00084052 0.00084052 ... 0.00049828 0.00048755 0.00048812]
 [0.00066224 0.0006647  0.00066641 ... 0.00076283 0.00076933 0.00074964]
 ...
 [0.00048241 0.00048241 0.00048241 ... 0.00070392 0.00068889 0.00068919]
 [0.0001092  0.0001092  0.0001092  ... 0.00076887 0.00076353 0.00076976]
 [0.00095821 0.00095858 0.00095532 ... 0.00073747 0.00074396 0.00072463]]","[8.5559901e-07 2.3444184e-07 1.8671591e-07 ... 2.2289811e-07 1.0052020e-06
 3.4734364e-07]","(5.463156753648946e-07, 1.507062961536576e-06)",[0.00092499 0.00048419 0.00043211 ... 0.00047212 0.0010026  0.00058936],"(0.0006657274207100272, 0.00032115395879372954)",[0.0010512  0.00017248 0.00072356 ... 0.00094043 0.1670844  0.0007962 ],"(0.14912399649620056, 3.124065637588501)",[0.72932696 0.28786778 0.25779736 ... 0.30092502 1.2830448  0.32603848],"(0.514796257019043, 0.5721122026443481)",[0.7255824  0.8622658  0.8770627  ... 0.85762435 0.5918913  0.8415413 ],"(0.8080161213874817, 0.09059581905603409)"
