,test_preds,test_truths,MSEs,MSE,RMSEs,RMSE,TMSEs,TMSE,SIDs,SID,SISs,SIS
ChemGPT-4.7M,"[[0.00080752 0.00094803 0.00089616 ... 0.00093716 0.00089258 0.00093883]
 [0.00077895 0.00091692 0.00086657 ... 0.0009055  0.00086013 0.00090658]
 [0.00080264 0.00094406 0.00089233 ... 0.00092928 0.00088374 0.00092984]
 ...
 [0.00076909 0.00090269 0.00085568 ... 0.00089234 0.00084961 0.00089501]
 [0.00076649 0.00090555 0.00085509 ... 0.00089494 0.00084843 0.00089489]
 [0.00084189 0.00098908 0.00093143 ... 0.00096773 0.00092352 0.00097775]]","[[0.00078641 0.00079039 0.00079061 ... 0.00066848 0.00067635 0.00065682]
 [0.00084052 0.00084052 0.00084052 ... 0.00049828 0.00048755 0.00048812]
 [0.00066224 0.0006647  0.00066641 ... 0.00076283 0.00076933 0.00074964]
 ...
 [0.00048241 0.00048241 0.00048241 ... 0.00070392 0.00068889 0.00068919]
 [0.0001092  0.0001092  0.0001092  ... 0.00076887 0.00076353 0.00076976]
 [0.00095821 0.00095858 0.00095532 ... 0.00073747 0.00074396 0.00072463]]","[1.3753531e-06 3.5475654e-07 3.1779112e-07 ... 3.9644530e-07 9.3977724e-07
 1.0746086e-06]","(6.5932849793171044e-06, 0.0002917611855082214)",[0.00117275 0.00059561 0.00056373 ... 0.00062964 0.00096942 0.00103663],"(0.0009918526047840714, 0.002368638524785638)","[1.6292597e-03 1.0599218e-03 2.0003407e-03 ... 1.3182852e-02 5.3860674e+00
 3.7417412e-03]","(1.0895676612854004, 14.848079681396484)",[1.1386102  0.563766   0.41676044 ... 0.6249298  1.4996674  1.4165605 ],"(1.5994168519973755, 21.524734497070312)",[0.6264772  0.7705913  0.82648325 ... 0.7574781  0.5652728  0.5693466 ],"(0.6610949635505676, 0.11510217189788818)"
