,test_preds,test_truths,MSEs,MSE,RMSEs,RMSE,TMSEs,TMSE,SIDs,SID,SISs,SIS
ChemGPT-4.7M,"[[0.00083372 0.00098151 0.00092391 ... 0.00096575 0.0009188  0.00096585]
 [0.0007807  0.00091713 0.00086595 ... 0.00090303 0.00086337 0.00090742]
 [0.0008197  0.00096122 0.00090774 ... 0.00094463 0.00089941 0.00094736]
 ...
 [0.00073013 0.00085842 0.00081056 ... 0.00084811 0.00080879 0.00085211]
 [0.00080577 0.00094849 0.00089455 ... 0.00093411 0.00088846 0.00093448]
 [0.00081318 0.00095907 0.00090301 ... 0.00094699 0.0008969  0.00094456]]","[[0.00065335 0.00065751 0.00065664 ... 0.00055268 0.00055619 0.00055197]
 [0.00060137 0.00059222 0.00059868 ... 0.00051182 0.00051284 0.00051764]
 [0.00032637 0.00032851 0.00033004 ... 0.00065536 0.00065696 0.00064959]
 ...
 [0.00010431 0.00010668 0.00010681 ... 0.00054939 0.00055633 0.00053187]
 [0.00026898 0.0002701  0.00027052 ... 0.00049761 0.00049969 0.00049332]
 [0.00042537 0.00042623 0.00042813 ... 0.00051708 0.00051909 0.00051222]]","[8.4920958e-07 8.8242757e-07 1.5855630e-07 ... 6.7005067e-07 3.5246120e-07
 2.8403196e-07]","(2.17899992094317e-06, 8.917225932236761e-05)",[0.00092153 0.00093938 0.00039819 ... 0.00081857 0.00059368 0.00053295],"(0.0008787242695689201, 0.001186173758469522)",[0.00222653 0.00447824 0.00153521 ... 0.00186982 0.00063932 0.00233177],"(0.441880464553833, 3.8550612926483154)",[0.8717314  0.88673496 0.33041963 ... 0.742309   0.49026626 0.42096263],"(1.1432409286499023, 8.709952354431152)",[0.6898293  0.67523813 0.87806004 ... 0.703998   0.803035   0.838569  ],"(0.6993599534034729, 0.11593203246593475)"
