,test_preds,test_truths,MSEs,MSE,RMSEs,RMSE,TMSEs,TMSE,SIDs,SID,SISs,SIS
ChemGPT-4.7M,"[[0.00071221 0.00071697 0.0006937  ... 0.00079582 0.00073825 0.00064697]
 [0.00063925 0.00064509 0.00061055 ... 0.00062149 0.00060508 0.00053902]
 [0.00063761 0.00063431 0.00065432 ... 0.00060412 0.0005686  0.00058446]
 ...
 [0.00066849 0.0006383  0.00062582 ... 0.00060002 0.00062034 0.00059903]
 [0.00070802 0.00067401 0.00071459 ... 0.00066443 0.00058827 0.00055132]
 [0.00051921 0.00061316 0.00040672 ... 0.00058403 0.00068515 0.00067598]]","[[0.00078641 0.00079039 0.00079061 ... 0.00066848 0.00067635 0.00065682]
 [0.00084052 0.00084052 0.00084052 ... 0.00049828 0.00048755 0.00048812]
 [0.00066224 0.0006647  0.00066641 ... 0.00076283 0.00076933 0.00074964]
 ...
 [0.00048241 0.00048241 0.00048241 ... 0.00070392 0.00068889 0.00068919]
 [0.0001092  0.0001092  0.0001092  ... 0.00076887 0.00076353 0.00076976]
 [0.00095821 0.00095858 0.00095532 ... 0.00073747 0.00074396 0.00072463]]","[1.1533443e-06 2.7646627e-07 2.9834627e-07 ... 3.6322473e-07 8.1588746e-07
 4.8192260e-07]","(7.790076210767438e-07, 1.644839016989863e-06)",[0.00107394 0.0005258  0.00054621 ... 0.00060268 0.00090326 0.00069421],"(0.0008059718529693782, 0.0003597756731323898)","[9.7105576e-04 1.7472195e-04 1.7405732e-03 ... 8.4926980e-04 3.5209721e-01
 6.2474009e-04]","(0.15747641026973724, 3.3474016189575195)",[0.89748824 0.36028263 0.3374773  ... 0.44188148 1.0019119  0.41887555],"(0.6833429336547852, 0.6588512659072876)",[0.68129224 0.842984   0.8555197  ... 0.7976687  0.61987805 0.81431663],"(0.7635788917541504, 0.098470538854599)"
