,test_preds,test_truths,MSEs,MSE,RMSEs,RMSE,TMSEs,TMSE,SIDs,SID,SISs,SIS
ChemGPT-4.7M,"[[0.00066657 0.00067218 0.00060422 ... 0.00069731 0.00081895 0.00070843]
 [0.00071687 0.00072796 0.00062485 ... 0.0006866  0.00071683 0.0006397 ]
 [0.00062366 0.00061896 0.00061939 ... 0.00056836 0.00058585 0.00054046]
 ...
 [0.00067735 0.00060576 0.0005842  ... 0.00051535 0.00052749 0.00044606]
 [0.00059763 0.00058939 0.00062042 ... 0.00058707 0.00052116 0.00049043]
 [0.00065037 0.00062381 0.00060213 ... 0.00062313 0.00067327 0.00059891]]","[[0.00065335 0.00065751 0.00065664 ... 0.00055268 0.00055619 0.00055197]
 [0.00060137 0.00059222 0.00059868 ... 0.00051182 0.00051284 0.00051764]
 [0.00032637 0.00032851 0.00033004 ... 0.00065536 0.00065696 0.00064959]
 ...
 [0.00010431 0.00010668 0.00010681 ... 0.00054939 0.00055633 0.00053187]
 [0.00026898 0.0002701  0.00027052 ... 0.00049761 0.00049969 0.00049332]
 [0.00042537 0.00042623 0.00042813 ... 0.00051708 0.00051909 0.00051222]]","[5.3612234e-07 8.2364170e-07 1.6715451e-07 ... 5.3731344e-07 3.6565976e-07
 2.8286144e-07]","(7.220449447231658e-07, 1.693287345005956e-06)",[0.0007322  0.00090755 0.00040885 ... 0.00073302 0.0006047  0.00053185],"(0.0007715504034422338, 0.00035604744334705174)",[0.00156988 0.00326163 0.0014034  ... 0.00155083 0.00023527 0.00188676],"(0.09596503525972366, 1.875298023223877)",[0.37928843 0.7711755  0.2710016  ... 0.44855386 0.37502056 0.25069144],"(0.6633967161178589, 0.796761155128479)",[0.8531534  0.69662017 0.8745808  ... 0.8142519  0.82404745 0.88577706],"(0.7692344784736633, 0.09851685166358948)"
