,test_preds,test_truths,MSEs,MSE,RMSEs,RMSE,TMSEs,TMSE,SIDs,SID,SISs,SIS
ChemBERTa-5M-MTR,"[[0.00051997 0.00057352 0.00055297 ... 0.00067116 0.00067891 0.00066306]
 [0.00058185 0.0005675  0.00053225 ... 0.00070711 0.00073542 0.00078059]
 [0.00066121 0.0006559  0.00065701 ... 0.00063835 0.00063316 0.00062102]
 ...
 [0.00061508 0.00064936 0.00062333 ... 0.00056451 0.00060873 0.00058355]
 [0.00039496 0.00040004 0.0004189  ... 0.0004696  0.00047087 0.00045273]
 [0.00048025 0.00049264 0.00049609 ... 0.00049083 0.00051006 0.00048896]]","[[0.00065335 0.00065751 0.00065664 ... 0.00055268 0.00055619 0.00055197]
 [0.00060137 0.00059222 0.00059868 ... 0.00051182 0.00051284 0.00051764]
 [0.00032637 0.00032851 0.00033004 ... 0.00065536 0.00065696 0.00064959]
 ...
 [0.00010431 0.00010668 0.00010681 ... 0.00054939 0.00055633 0.00053187]
 [0.00026898 0.0002701  0.00027052 ... 0.00049761 0.00049969 0.00049332]
 [0.00042537 0.00042623 0.00042813 ... 0.00051708 0.00051909 0.00051222]]","[2.2608546e-07 4.1175176e-07 3.9324835e-08 ... 4.2596702e-07 1.2219054e-07
 8.9996625e-08]","(3.0250825489019917e-07, 8.837757263790991e-07)",[0.00047548 0.00064168 0.0001983  ... 0.00065266 0.00034956 0.00029999],"(0.00048376357881352305, 0.0002617041755001992)","[9.5139105e-05 2.1518773e-04 4.2591375e-05 ... 3.2013876e-04 5.7453799e-05
 4.9348873e-05]","(0.0539701022207737, 1.3592901229858398)",[0.15681042 0.288884   0.08024352 ... 0.3667263  0.09975494 0.0747363 ],"(0.26227182149887085, 0.37618523836135864)",[0.9300319  0.87138414 0.9539779  ... 0.83670217 0.9454308  0.9614187 ],"(0.8923126459121704, 0.07347423583269119)"
