,test_preds,test_truths,MSEs,MSE,RMSEs,RMSE,TMSEs,TMSE,SIDs,SID,SISs,SIS
ChemBERTa-5M-MTR,"[[0.00048513 0.00044228 0.00049335 ... 0.00062721 0.00064391 0.00059522]
 [0.00051802 0.00053727 0.00049221 ... 0.00069486 0.00073907 0.0006068 ]
 [0.00068441 0.00069158 0.00067464 ... 0.00064537 0.00063708 0.00064462]
 ...
 [0.00074445 0.00075069 0.00073373 ... 0.00063975 0.00063024 0.00061925]
 [0.00048434 0.00051695 0.0004773  ... 0.00052838 0.00052329 0.00051405]
 [0.0004415  0.00043462 0.00044423 ... 0.00045942 0.00046091 0.00046293]]","[[0.00065335 0.00065751 0.00065664 ... 0.00055268 0.00055619 0.00055197]
 [0.00060137 0.00059222 0.00059868 ... 0.00051182 0.00051284 0.00051764]
 [0.00032637 0.00032851 0.00033004 ... 0.00065536 0.00065696 0.00064959]
 ...
 [0.00010431 0.00010668 0.00010681 ... 0.00054939 0.00055633 0.00053187]
 [0.00026898 0.0002701  0.00027052 ... 0.00049761 0.00049969 0.00049332]
 [0.00042537 0.00042623 0.00042813 ... 0.00051708 0.00051909 0.00051222]]","[2.3653453e-07 4.7713820e-07 4.8222269e-08 ... 4.9762002e-07 1.4049660e-07
 8.9068244e-08]","(3.31975286371744e-07, 9.189506045004237e-07)",[0.00048635 0.00069075 0.0002196  ... 0.00070542 0.00037483 0.00029844],"(0.0005070215556770563, 0.000273702695267275)","[1.1396855e-04 2.8562717e-04 5.3423941e-05 ... 3.8494010e-04 6.7973226e-05
 6.5794004e-05]","(0.0619598925113678, 1.5096834897994995)",[0.17865485 0.33707485 0.09148087 ... 0.4173132  0.11775994 0.0823161 ],"(0.28971296548843384, 0.39584285020828247)",[0.92096096 0.8533153  0.9477747  ... 0.81642234 0.93625414 0.9576702 ],"(0.8825642466545105, 0.07685375958681107)"
