,test_preds,test_truths,MSEs,MSE,RMSEs,RMSE,TMSEs,TMSE,SIDs,SID,SISs,SIS
ChemBERTa-5M-MTR,"[[0.00059497 0.0005866  0.00062148 ... 0.00084658 0.00087007 0.00082071]
 [0.00064366 0.00068583 0.00066089 ... 0.00057503 0.00059313 0.00058733]
 [0.00071462 0.00068377 0.00071389 ... 0.00068626 0.00070727 0.00064844]
 ...
 [0.00056863 0.0005308  0.00051425 ... 0.00072357 0.00073021 0.00069891]
 [0.00079527 0.00074478 0.00070272 ... 0.00063031 0.00066353 0.00060799]
 [0.00056298 0.00055677 0.00061862 ... 0.00064112 0.00065136 0.00071241]]","[[0.00078641 0.00079039 0.00079061 ... 0.00066848 0.00067635 0.00065682]
 [0.00084052 0.00084052 0.00084052 ... 0.00049828 0.00048755 0.00048812]
 [0.00066224 0.0006647  0.00066641 ... 0.00076283 0.00076933 0.00074964]
 ...
 [0.00048241 0.00048241 0.00048241 ... 0.00070392 0.00068889 0.00068919]
 [0.0001092  0.0001092  0.0001092  ... 0.00076887 0.00076353 0.00076976]
 [0.00095821 0.00095858 0.00095532 ... 0.00073747 0.00074396 0.00072463]]","[8.3540169e-07 1.6519027e-07 7.9630077e-08 ... 3.2374624e-07 7.4942727e-07
 2.6536281e-07]","(5.129410283188918e-07, 1.4914172652424895e-06)",[0.000914   0.00040644 0.00028219 ... 0.00056899 0.00086569 0.00051513],"(0.0006266164127737284, 0.00034686154685914516)","[4.2450437e-04 2.2828103e-04 7.6627512e-05 ... 1.0583920e-03 1.2272020e-01
 1.2937887e-04]","(0.12766045331954956, 3.2456040382385254)",[0.5857067  0.25262275 0.11909598 ... 0.39679146 0.78700376 0.2092225 ],"(0.4279698431491852, 0.4958311915397644)",[0.7658165  0.88069504 0.93815905 ... 0.81947947 0.6885759  0.891716  ],"(0.8381265997886658, 0.08670299500226974)"
