,test_preds,test_truths,MSEs,MSE,RMSEs,RMSE,TMSEs,TMSE,SIDs,SID,SISs,SIS
ChemBERTa-5M-MTR,"[[0.00075235 0.00074968 0.00078686 ... 0.00104139 0.00104234 0.00108039]
 [0.00066135 0.00067098 0.00067301 ... 0.00061407 0.00059531 0.00059581]
 [0.00078236 0.00082021 0.00078393 ... 0.00071119 0.00072912 0.00073227]
 ...
 [0.00055257 0.00052585 0.00053229 ... 0.00070652 0.00073695 0.0007424 ]
 [0.00073983 0.00074711 0.00073074 ... 0.00069304 0.00068127 0.00068477]
 [0.00062757 0.00068683 0.00065299 ... 0.00076676 0.00074264 0.00075756]]","[[0.00078641 0.00079039 0.00079061 ... 0.00066848 0.00067635 0.00065682]
 [0.00084052 0.00084052 0.00084052 ... 0.00049828 0.00048755 0.00048812]
 [0.00066224 0.0006647  0.00066641 ... 0.00076283 0.00076933 0.00074964]
 ...
 [0.00048241 0.00048241 0.00048241 ... 0.00070392 0.00068889 0.00068919]
 [0.0001092  0.0001092  0.0001092  ... 0.00076887 0.00076353 0.00076976]
 [0.00095821 0.00095858 0.00095532 ... 0.00073747 0.00074396 0.00072463]]","[7.9439127e-07 1.6792748e-07 9.0995343e-08 ... 2.7956776e-07 6.6635886e-07
 1.6626156e-07]","(4.910019697490497e-07, 1.4618086652262718e-06)",[0.00089129 0.00040979 0.00030165 ... 0.00052874 0.00081631 0.00040775],"(0.0006103295017965138, 0.000344266853062436)","[3.8462828e-04 2.8897161e-04 7.1576993e-05 ... 1.0022578e-03 1.2804408e-01
 8.3012121e-05]","(0.0934067964553833, 2.2520928382873535)",[0.5440551  0.2520864  0.1093291  ... 0.3884101  0.72453123 0.14289895],"(0.40441015362739563, 0.47552600502967834)",[0.7792819  0.88166696 0.9420715  ... 0.82637787 0.7104793  0.9252837 ],"(0.8458130359649658, 0.08605875819921494)"
