,test_preds,test_truths,MSEs,MSE,RMSEs,RMSE,TMSEs,TMSE,SIDs,SID,SISs,SIS
ChemBERTa-5M-MTR,"[[0.00055765 0.00058319 0.00055804 ... 0.0007168  0.00073306 0.00068903]
 [0.00059379 0.00059606 0.00059663 ... 0.00071452 0.00071185 0.00069754]
 [0.00067645 0.00068195 0.00066911 ... 0.0006122  0.00062017 0.00059749]
 ...
 [0.00075869 0.00074587 0.00077431 ... 0.00065038 0.00072293 0.00069729]
 [0.00049157 0.00049393 0.00048254 ... 0.0005161  0.00052842 0.00050708]
 [0.00050322 0.00048531 0.00051136 ... 0.00053911 0.00054637 0.00050505]]","[[0.00065335 0.00065751 0.00065664 ... 0.00055268 0.00055619 0.00055197]
 [0.00060137 0.00059222 0.00059868 ... 0.00051182 0.00051284 0.00051764]
 [0.00032637 0.00032851 0.00033004 ... 0.00065536 0.00065696 0.00064959]
 ...
 [0.00010431 0.00010668 0.00010681 ... 0.00054939 0.00055633 0.00053187]
 [0.00026898 0.0002701  0.00027052 ... 0.00049761 0.00049969 0.00049332]
 [0.00042537 0.00042623 0.00042813 ... 0.00051708 0.00051909 0.00051222]]","[2.02261035e-07 4.57188435e-07 4.04015772e-08 ... 3.29888707e-07
 1.18222545e-07 1.12929825e-07]","(3.1936298228174564e-07, 8.237603879024391e-07)",[0.00044973 0.00067616 0.000201   ... 0.00057436 0.00034384 0.00033605],"(0.0004987773136235774, 0.0002656924189068377)",[0.00683837 0.00841412 0.00168247 ... 0.01196073 0.0001911  0.00427908],"(0.3991946578025818, 9.827994346618652)",[0.1745721  0.40872976 0.10126425 ... 0.35725105 0.15536357 0.13373947],"(0.3698262572288513, 0.5264627933502197)",[0.92520654 0.82943314 0.94531274 ... 0.851624   0.9145418  0.93192446],"(0.8591921329498291, 0.08186924457550049)"
