,test_preds,test_truths,MSEs,MSE,RMSEs,RMSE,TMSEs,TMSE,SIDs,SID,SISs,SIS
ChemBERTa-5M-MTR,"[[0.00099149 0.00096643 0.00087565 ... 0.00119189 0.00111759 0.00124048]
 [0.00059281 0.00061056 0.00058274 ... 0.00054481 0.00055866 0.00052737]
 [0.00068052 0.00068207 0.00067076 ... 0.00061566 0.00064234 0.00060966]
 ...
 [0.00063812 0.00066021 0.00063275 ... 0.00075439 0.00069224 0.0007246 ]
 [0.00086582 0.00091998 0.00085844 ... 0.0008076  0.00073732 0.0007591 ]
 [0.00054565 0.00051571 0.00050084 ... 0.00058716 0.00059712 0.00057288]]","[[0.00078641 0.00079039 0.00079061 ... 0.00066848 0.00067635 0.00065682]
 [0.00084052 0.00084052 0.00084052 ... 0.00049828 0.00048755 0.00048812]
 [0.00066224 0.0006647  0.00066641 ... 0.00076283 0.00076933 0.00074964]
 ...
 [0.00048241 0.00048241 0.00048241 ... 0.00070392 0.00068889 0.00068919]
 [0.0001092  0.0001092  0.0001092  ... 0.00076887 0.00076353 0.00076976]
 [0.00095821 0.00095858 0.00095532 ... 0.00073747 0.00074396 0.00072463]]","[6.2461027e-07 1.6546265e-07 7.5384861e-08 ... 2.7415473e-07 6.3884545e-07
 1.9315651e-07]","(4.95595770644286e-07, 1.322370849266008e-06)",[0.00079032 0.00040677 0.00027456 ... 0.0005236  0.00079928 0.0004395 ],"(0.0006198658957146108, 0.00033373734913766384)","[2.1574553e-02 5.8042613e-04 3.2344123e-03 ... 4.7228122e-03 1.2887164e+00
 1.8872498e-03]","(0.4500364065170288, 11.32709789276123)",[0.70157564 0.279694   0.15443045 ... 0.3873465  0.91665894 0.24283169],"(0.5034710168838501, 0.520129382610321)",[0.7499233  0.8698229  0.9228129  ... 0.82599825 0.677303   0.87728333],"(0.8169132471084595, 0.08878438919782639)"
