,test_preds,test_truths,MSEs,MSE,RMSEs,RMSE,TMSEs,TMSE,SIDs,SID,SISs,SIS
ChemBERTa-5M-MTR,"[[0.00081348 0.00083098 0.0008606  ... 0.00105335 0.00103694 0.00102916]
 [0.00068259 0.00069607 0.0006842  ... 0.00061902 0.00063425 0.00062188]
 [0.00080347 0.00079581 0.00083233 ... 0.00076947 0.00078049 0.00075631]
 ...
 [0.00050769 0.00050475 0.00052826 ... 0.00066488 0.00067273 0.00064976]
 [0.00078222 0.00081412 0.00084689 ... 0.00067456 0.00064913 0.00065576]
 [0.00075595 0.00075803 0.00076126 ... 0.00071212 0.00070538 0.00071885]]","[[0.00078641 0.00079039 0.00079061 ... 0.00066848 0.00067635 0.00065682]
 [0.00084052 0.00084052 0.00084052 ... 0.00049828 0.00048755 0.00048812]
 [0.00066224 0.0006647  0.00066641 ... 0.00076283 0.00076933 0.00074964]
 ...
 [0.00048241 0.00048241 0.00048241 ... 0.00070392 0.00068889 0.00068919]
 [0.0001092  0.0001092  0.0001092  ... 0.00076887 0.00076353 0.00076976]
 [0.00095821 0.00095858 0.00095532 ... 0.00073747 0.00074396 0.00072463]]","[9.4287577e-07 1.1016772e-07 1.2210755e-07 ... 1.2925487e-07 6.5623516e-07
 1.4001473e-07]","(3.97802295992733e-07, 1.3925694020144874e-06)",[0.00097102 0.00033192 0.00034944 ... 0.00035952 0.00081008 0.00037419],"(0.0005600088625214994, 0.00029018340865150094)",[0.00060384 0.00015902 0.00034065 ... 0.0001208  0.01778006 0.00025152],"(0.23302285373210907, 11.026556968688965)",[0.71041894 0.17705537 0.17121057 ... 0.1628548  0.70348436 0.16692981],"(0.3274975121021271, 0.441491037607193)",[0.73251307 0.9108009  0.91939545 ... 0.9174614  0.7094722  0.91534144],"(0.8696131110191345, 0.07162506878376007)"
