,test_preds,test_truths,MSEs,MSE,RMSEs,RMSE,TMSEs,TMSE,SIDs,SID,SISs,SIS
ChemBERTa-5M-MTR,"[[0.00052391 0.00054126 0.00053303 ... 0.00073195 0.00073121 0.00072838]
 [0.00059736 0.00060786 0.00064433 ... 0.00074853 0.00076551 0.00076513]
 [0.00075049 0.00075852 0.00075432 ... 0.00071176 0.00069919 0.000685  ]
 ...
 [0.00076319 0.00074304 0.00074486 ... 0.00063403 0.0006306  0.00063872]
 [0.00049618 0.00046998 0.00047886 ... 0.00051926 0.00053292 0.00053082]
 [0.00053398 0.00054523 0.00054855 ... 0.00062023 0.0006051  0.00060195]]","[[0.00065335 0.00065751 0.00065664 ... 0.00055268 0.00055619 0.00055197]
 [0.00060137 0.00059222 0.00059868 ... 0.00051182 0.00051284 0.00051764]
 [0.00032637 0.00032851 0.00033004 ... 0.00065536 0.00065696 0.00064959]
 ...
 [0.00010431 0.00010668 0.00010681 ... 0.00054939 0.00055633 0.00053187]
 [0.00026898 0.0002701  0.00027052 ... 0.00049761 0.00049969 0.00049332]
 [0.00042537 0.00042623 0.00042813 ... 0.00051708 0.00051909 0.00051222]]","[3.1263690e-07 5.2852835e-07 7.3110591e-08 ... 5.6536760e-07 1.9600419e-07
 7.0974586e-08]","(3.6286320437284303e-07, 8.82098959209543e-07)",[0.00055914 0.000727   0.00027039 ... 0.00075191 0.00044272 0.00026641],"(0.0005411580787040293, 0.0002646117063704878)",[0.00047481 0.00069925 0.00037473 ... 0.0014516  0.00012042 0.00048979],"(0.06195628270506859, 1.9921461343765259)",[0.32143685 0.42449698 0.14051062 ... 0.490138   0.17656761 0.08488858],"(0.3224317133426666, 0.37914055585861206)",[0.8620937  0.82195276 0.9266372  ... 0.79538506 0.9076796  0.9599073 ],"(0.869805097579956, 0.07045701146125793)"
