,test_preds,test_truths,MSEs,MSE,RMSEs,RMSE,TMSEs,TMSE,SIDs,SID,SISs,SIS
ChemBERTa-5M-MTR,"[[0.00077024 0.0007774  0.00076951 ... 0.00076046 0.00077271 0.00075832]
 [0.00075398 0.00076075 0.00075303 ... 0.00074422 0.0007561  0.00074212]
 [0.00075243 0.00075914 0.00075141 ... 0.00074257 0.00075418 0.00074067]
 ...
 [0.00065855 0.00066442 0.00065702 ... 0.00064931 0.00066071 0.00064854]
 [0.00070428 0.00070993 0.00070202 ... 0.0006946  0.00070572 0.00069284]
 [0.00063692 0.00064255 0.00063604 ... 0.00062795 0.00063979 0.00062724]]","[[0.00078641 0.00079039 0.00079061 ... 0.00066848 0.00067635 0.00065682]
 [0.00084052 0.00084052 0.00084052 ... 0.00049828 0.00048755 0.00048812]
 [0.00066224 0.0006647  0.00066641 ... 0.00076283 0.00076933 0.00074964]
 ...
 [0.00048241 0.00048241 0.00048241 ... 0.00070392 0.00068889 0.00068919]
 [0.0001092  0.0001092  0.0001092  ... 0.00076887 0.00076353 0.00076976]
 [0.00095821 0.00095858 0.00095532 ... 0.00073747 0.00074396 0.00072463]]","[1.3448063e-06 3.3640737e-07 3.0160643e-07 ... 3.6976715e-07 8.9604833e-07
 1.0139287e-06]","(1.1390636700525647e-06, 2.4526548259018455e-06)",[0.00115966 0.00058001 0.00054919 ... 0.00060808 0.0009466  0.00100694],"(0.0009344592108391225, 0.0005156490951776505)","[8.2010089e-04 5.5218191e-04 5.8589375e-04 ... 4.5147641e-03 3.6580436e+00
 1.5819533e-03]","(0.545646071434021, 6.98744535446167)",[1.1047608  0.5243129  0.33995524 ... 0.51472247 1.3243593  1.1259419 ],"(1.0399184226989746, 0.926456868648529)",[0.6235166  0.7660025  0.8304435  ... 0.7670042  0.5650807  0.57744366],"(0.6666684746742249, 0.11920293420553207)"
