,test_preds,test_truths,MSEs,MSE,RMSEs,RMSE,TMSEs,TMSE,SIDs,SID,SISs,SIS
ChemBERTa-5M-MTR,"[[0.00054275 0.00051505 0.00053832 ... 0.00074681 0.00074434 0.0007393 ]
 [0.00054757 0.00055991 0.0005461  ... 0.0007558  0.00074609 0.00073673]
 [0.00070999 0.00073853 0.00073008 ... 0.00069395 0.00070474 0.00069298]
 ...
 [0.00057835 0.00061301 0.00060272 ... 0.00055291 0.00056875 0.00056478]
 [0.00044406 0.0004338  0.00043983 ... 0.00051982 0.00051633 0.00050975]
 [0.00050258 0.00049313 0.00050279 ... 0.00058832 0.00059137 0.00058002]]","[[0.00065335 0.00065751 0.00065664 ... 0.00055268 0.00055619 0.00055197]
 [0.00060137 0.00059222 0.00059868 ... 0.00051182 0.00051284 0.00051764]
 [0.00032637 0.00032851 0.00033004 ... 0.00065536 0.00065696 0.00064959]
 ...
 [0.00010431 0.00010668 0.00010681 ... 0.00054939 0.00055633 0.00053187]
 [0.00026898 0.0002701  0.00027052 ... 0.00049761 0.00049969 0.00049332]
 [0.00042537 0.00042623 0.00042813 ... 0.00051708 0.00051909 0.00051222]]","[2.6058521e-07 3.7869896e-07 3.2318361e-08 ... 2.6033186e-07 1.0035788e-07
 7.2561392e-08]","(2.722649412589817e-07, 6.78189223890513e-07)",[0.00051048 0.00061539 0.00017977 ... 0.00051023 0.00031679 0.00026937],"(0.0004595448262989521, 0.0002471652114763856)","[1.2417606e-04 2.3602381e-04 3.6747930e-05 ... 2.3225289e-04 5.5632798e-05
 3.7787046e-05]","(0.036916326731443405, 0.9667099118232727)",[0.18517578 0.30164686 0.06221757 ... 0.25481912 0.09161602 0.05809682],"(0.2349572479724884, 0.3382141888141632)",[0.9170602  0.8659069  0.9656204  ... 0.88550645 0.94984806 0.96988803],"(0.9030046463012695, 0.0696093738079071)"
