,test_preds,test_truths,MSEs,MSE,RMSEs,RMSE,TMSEs,TMSE,SIDs,SID,SISs,SIS
ChemBERTa-5M-MTR,"[[0.00057707 0.00057042 0.00055967 ... 0.00078417 0.00077944 0.00076675]
 [0.00060066 0.00060732 0.00060887 ... 0.00073291 0.0007389  0.00073393]
 [0.0007491  0.00073843 0.00075262 ... 0.00069629 0.00068709 0.00068777]
 ...
 [0.00074473 0.0007065  0.00074516 ... 0.00060745 0.00058684 0.00058215]
 [0.00045576 0.00044795 0.00046771 ... 0.00047888 0.00046733 0.0004802 ]
 [0.00048818 0.00046045 0.00048224 ... 0.00057243 0.00056561 0.00055255]]","[[0.00065335 0.00065751 0.00065664 ... 0.00055268 0.00055619 0.00055197]
 [0.00060137 0.00059222 0.00059868 ... 0.00051182 0.00051284 0.00051764]
 [0.00032637 0.00032851 0.00033004 ... 0.00065536 0.00065696 0.00064959]
 ...
 [0.00010431 0.00010668 0.00010681 ... 0.00054939 0.00055633 0.00053187]
 [0.00026898 0.0002701  0.00027052 ... 0.00049761 0.00049969 0.00049332]
 [0.00042537 0.00042623 0.00042813 ... 0.00051708 0.00051909 0.00051222]]","[2.4601746e-07 4.3680623e-07 4.3280998e-08 ... 4.2653187e-07 1.3515327e-07
 8.9924484e-08]","(3.014527294453728e-07, 7.061528322083177e-07)",[0.000496   0.00066091 0.00020804 ... 0.00065309 0.00036763 0.00029987],"(0.00048451119801029563, 0.0002582817105576396)","[1.0620499e-04 2.6578418e-04 4.4450233e-05 ... 4.0753244e-04 6.9256123e-05
 5.1894393e-05]","(0.05826527997851372, 1.541917085647583)",[0.16502365 0.3199486  0.0752839  ... 0.38450342 0.11776783 0.07860373],"(0.26066359877586365, 0.36186864972114563)",[0.9263533  0.86045885 0.9580991  ... 0.83318937 0.93533695 0.959016  ],"(0.8931156992912292, 0.07354883849620819)"
