,test_preds,test_truths,MSEs,MSE,RMSEs,RMSE,TMSEs,TMSE,SIDs,SID,SISs,SIS
ChemBERTa-5M-MTR,"[[0.00073262 0.00072124 0.00071292 ... 0.00091405 0.00090244 0.00088253]
 [0.00071524 0.00071286 0.00070419 ... 0.00059189 0.00060865 0.0005988 ]
 [0.00082574 0.00082361 0.00082106 ... 0.00074754 0.00076343 0.00075054]
 ...
 [0.00049033 0.00048835 0.00049145 ... 0.00075344 0.00073627 0.00074336]
 [0.00067903 0.00066433 0.00068189 ... 0.0006773  0.00066404 0.00067061]
 [0.00067042 0.0006697  0.0006558  ... 0.00062788 0.00064245 0.00062717]]","[[0.00078641 0.00079039 0.00079061 ... 0.00066848 0.00067635 0.00065682]
 [0.00084052 0.00084052 0.00084052 ... 0.00049828 0.00048755 0.00048812]
 [0.00066224 0.0006647  0.00066641 ... 0.00076283 0.00076933 0.00074964]
 ...
 [0.00048241 0.00048241 0.00048241 ... 0.00070392 0.00068889 0.00068919]
 [0.0001092  0.0001092  0.0001092  ... 0.00076887 0.00076353 0.00076976]
 [0.00095821 0.00095858 0.00095532 ... 0.00073747 0.00074396 0.00072463]]","[5.1572658e-07 1.6504994e-07 6.4318101e-08 ... 2.7679908e-07 6.3235757e-07
 1.2538636e-07]","(4.7311829121099436e-07, 1.476469492445176e-06)",[0.00071814 0.00040626 0.00025361 ... 0.00052612 0.00079521 0.0003541 ],"(0.0005927610909566283, 0.00034895972930826247)","[2.3939002e-04 3.2723998e-04 4.6995832e-05 ... 1.7854238e-03 9.0121567e-02
 5.9289396e-05]","(0.11910395324230194, 3.8698818683624268)",[0.3533935  0.26162815 0.07612421 ... 0.37255275 0.72757375 0.10246603],"(0.3829304873943329, 0.47646766901016235)",[0.84780335 0.8782152  0.9614919  ... 0.83672804 0.7156598  0.9460707 ],"(0.8555300831794739, 0.08506503701210022)"
