,test_preds,test_truths,MSEs,MSE,RMSEs,RMSE,TMSEs,TMSE,SIDs,SID,SISs,SIS
ChemBERTa-5M-MTR,"[[0.00072034 0.00070197 0.00072839 ... 0.00101964 0.00102271 0.00100841]
 [0.000757   0.00077094 0.00074942 ... 0.00066394 0.00066931 0.00065291]
 [0.00078306 0.0007475  0.00074938 ... 0.00073115 0.00071676 0.00071055]
 ...
 [0.00054993 0.00055162 0.00056115 ... 0.00074144 0.00072449 0.00072132]
 [0.00080687 0.00076215 0.00080224 ... 0.00075687 0.00075434 0.00075129]
 [0.00064141 0.00063261 0.00062811 ... 0.00071014 0.00073508 0.00070694]]","[[0.00078641 0.00079039 0.00079061 ... 0.00066848 0.00067635 0.00065682]
 [0.00084052 0.00084052 0.00084052 ... 0.00049828 0.00048755 0.00048812]
 [0.00066224 0.0006647  0.00066641 ... 0.00076283 0.00076933 0.00074964]
 ...
 [0.00048241 0.00048241 0.00048241 ... 0.00070392 0.00068889 0.00068919]
 [0.0001092  0.0001092  0.0001092  ... 0.00076887 0.00076353 0.00076976]
 [0.00095821 0.00095858 0.00095532 ... 0.00073747 0.00074396 0.00072463]]","[7.1643319e-07 1.6785009e-07 7.5742705e-08 ... 2.6972199e-07 7.2119104e-07
 1.9764636e-07]","(5.028072678214812e-07, 1.5130087831494166e-06)",[0.00084642 0.0004097  0.00027521 ... 0.00051935 0.00084923 0.00044457],"(0.0006140405894257128, 0.00035465820110403)","[3.5763124e-04 3.2694131e-04 6.1547675e-05 ... 1.3818254e-03 1.0666271e-01
 9.7113458e-05]","(0.10969964414834976, 2.9522502422332764)",[0.4786003  0.26395935 0.09583689 ... 0.37576437 0.80178434 0.15656662],"(0.4076138138771057, 0.48744073510169983)",[0.80106133 0.8789042  0.9510542  ... 0.83365935 0.69411606 0.9175734 ],"(0.8465391397476196, 0.08690082281827927)"
