,test_preds,test_truths,MSEs,MSE,RMSEs,RMSE,TMSEs,TMSE,SIDs,SID,SISs,SIS
ChemBERTa-5M-MTR,"[[0.00074157 0.00073837 0.00074175 ... 0.00103099 0.0010221  0.00100574]
 [0.00067008 0.00067279 0.00066558 ... 0.00059963 0.00059107 0.00058122]
 [0.00084481 0.0008552  0.00084036 ... 0.00075729 0.00076019 0.00074174]
 ...
 [0.00056031 0.00055008 0.00057456 ... 0.00068841 0.00070016 0.00067384]
 [0.00059475 0.00062577 0.00062587 ... 0.00064227 0.00064089 0.00061375]
 [0.00061828 0.00063098 0.00064707 ... 0.00073294 0.00071753 0.00072517]]","[[0.00078641 0.00079039 0.00079061 ... 0.00066848 0.00067635 0.00065682]
 [0.00084052 0.00084052 0.00084052 ... 0.00049828 0.00048755 0.00048812]
 [0.00066224 0.0006647  0.00066641 ... 0.00076283 0.00076933 0.00074964]
 ...
 [0.00048241 0.00048241 0.00048241 ... 0.00070392 0.00068889 0.00068919]
 [0.0001092  0.0001092  0.0001092  ... 0.00076887 0.00076353 0.00076976]
 [0.00095821 0.00095858 0.00095532 ... 0.00073747 0.00074396 0.00072463]]","[7.5567903e-07 1.5901506e-07 8.4990354e-08 ... 2.7885670e-07 6.6166683e-07
 1.6541534e-07]","(4.892897322861245e-07, 1.4940474102331791e-06)",[0.0008693  0.00039877 0.00029153 ... 0.00052807 0.00081343 0.00040671],"(0.0006095024873502553, 0.00034324347507208586)","[3.9855728e-04 2.6360466e-04 5.3985972e-05 ... 1.9378993e-03 9.7681470e-02
 9.4043542e-05]","(0.26254093647003174, 13.580714225769043)",[0.5225237  0.25426686 0.08967665 ... 0.3869625  0.71484154 0.15535957],"(0.4052667021751404, 0.49689164757728577)",[0.7863399  0.8800126  0.9525322  ... 0.82714546 0.7136017  0.9180867 ],"(0.8458670377731323, 0.0863998532295227)"
