,test_preds,test_truths,MSEs,MSE,RMSEs,RMSE,TMSEs,TMSE,SIDs,SID,SISs,SIS
ChemBERTa-5M-MTR,"[[0.00052142 0.00052108 0.00052629 ... 0.0007056  0.00072575 0.00070345]
 [0.00057009 0.00057213 0.00056752 ... 0.00070099 0.00069212 0.00068422]
 [0.00069902 0.00068519 0.00069147 ... 0.00063659 0.00064608 0.00063085]
 ...
 [0.00057718 0.00056701 0.00058543 ... 0.0005501  0.00054867 0.00053821]
 [0.00045568 0.00045911 0.00046077 ... 0.00050702 0.00050588 0.00050296]
 [0.00048384 0.00049164 0.00048559 ... 0.00056076 0.00057465 0.00055374]]","[[0.00065335 0.00065751 0.00065664 ... 0.00055268 0.00055619 0.00055197]
 [0.00060137 0.00059222 0.00059868 ... 0.00051182 0.00051284 0.00051764]
 [0.00032637 0.00032851 0.00033004 ... 0.00065536 0.00065696 0.00064959]
 ...
 [0.00010431 0.00010668 0.00010681 ... 0.00054939 0.00055633 0.00053187]
 [0.00026898 0.0002701  0.00027052 ... 0.00049761 0.00049969 0.00049332]
 [0.00042537 0.00042623 0.00042813 ... 0.00051708 0.00051909 0.00051222]]","[1.85122985e-07 3.44489735e-07 2.69981459e-08 ... 2.15468475e-07
 1.13338615e-07 8.01125424e-08]","(2.743577454111801e-07, 6.509038712465554e-07)",[0.00043026 0.00058693 0.00016431 ... 0.00046419 0.00033666 0.00028304],"(0.00046394209493882954, 0.00024315099290106446)","[7.5649041e-05 1.6454776e-04 3.4889887e-05 ... 1.9073463e-04 5.9746391e-05
 4.0032781e-05]","(0.02850319631397724, 0.8169524073600769)",[0.1288924  0.26009837 0.06237745 ... 0.21725753 0.09826808 0.06617941],"(0.2382419854402542, 0.3440577983856201)",[0.9409439  0.87916845 0.9647675  ... 0.8990671  0.9459964  0.96500725],"(0.9005107283592224, 0.07028912752866745)"
