,test_preds,test_truths,MSEs,MSE,RMSEs,RMSE,TMSEs,TMSE,SIDs,SID,SISs,SIS
ChemBERTa-5M-MTR,"[[0.00055358 0.00056345 0.00054332 ... 0.00069931 0.0007183  0.00070682]
 [0.00055528 0.00056312 0.00056832 ... 0.0007416  0.00074946 0.00072918]
 [0.00074606 0.00075773 0.00074776 ... 0.00068292 0.0006927  0.00067571]
 ...
 [0.00061123 0.00062555 0.0006394  ... 0.00058628 0.00058184 0.00058162]
 [0.0004544  0.00045035 0.00045762 ... 0.000505   0.00051467 0.00050306]
 [0.0005082  0.00052479 0.00051326 ... 0.00056842 0.00055634 0.00055976]]","[[0.00065335 0.00065751 0.00065664 ... 0.00055268 0.00055619 0.00055197]
 [0.00060137 0.00059222 0.00059868 ... 0.00051182 0.00051284 0.00051764]
 [0.00032637 0.00032851 0.00033004 ... 0.00065536 0.00065696 0.00064959]
 ...
 [0.00010431 0.00010668 0.00010681 ... 0.00054939 0.00055633 0.00053187]
 [0.00026898 0.0002701  0.00027052 ... 0.00049761 0.00049969 0.00049332]
 [0.00042537 0.00042623 0.00042813 ... 0.00051708 0.00051909 0.00051222]]","[2.4468994e-07 4.5920393e-07 4.0408789e-08 ... 2.6031324e-07 1.3601075e-07
 7.2940466e-08]","(2.9688700919905386e-07, 6.485331027761276e-07)",[0.00049466 0.00067765 0.00020102 ... 0.00051021 0.0003688  0.00027007],"(0.0004846591327805072, 0.00024899758864194155)","[1.0849586e-04 2.7131726e-04 4.2498719e-05 ... 2.4281316e-04 6.7988149e-05
 4.6351517e-05]","(0.03312984108924866, 0.7795285582542419)",[0.1718     0.34506607 0.07457316 ... 0.25306988 0.11546675 0.07246403],"(0.26069149374961853, 0.35217952728271484)",[0.92212176 0.8474364  0.9577001  ... 0.8861613  0.93587345 0.96207917],"(0.8918846845626831, 0.07329796999692917)"
