,test_preds,test_truths,MSEs,MSE,RMSEs,RMSE,TMSEs,TMSE,SIDs,SID,SISs,SIS
ChemBERTa-5M-MTR,"[[0.00074235 0.00072163 0.00074859 ... 0.00093622 0.00091791 0.00092328]
 [0.00073362 0.0007089  0.00070071 ... 0.00058847 0.00059684 0.00059595]
 [0.00078467 0.00077255 0.00077675 ... 0.0006963  0.00070108 0.00068109]
 ...
 [0.00055825 0.00055537 0.00056458 ... 0.00069112 0.00070238 0.00069976]
 [0.00066192 0.00065182 0.00064601 ... 0.00062853 0.0006449  0.00063012]
 [0.00065597 0.00063189 0.00063125 ... 0.00066526 0.00065348 0.00065615]]","[[0.00078641 0.00079039 0.00079061 ... 0.00066848 0.00067635 0.00065682]
 [0.00084052 0.00084052 0.00084052 ... 0.00049828 0.00048755 0.00048812]
 [0.00066224 0.0006647  0.00066641 ... 0.00076283 0.00076933 0.00074964]
 ...
 [0.00048241 0.00048241 0.00048241 ... 0.00070392 0.00068889 0.00068919]
 [0.0001092  0.0001092  0.0001092  ... 0.00076887 0.00076353 0.00076976]
 [0.00095821 0.00095858 0.00095532 ... 0.00073747 0.00074396 0.00072463]]","[6.2009406e-07 1.5325192e-07 7.8952439e-08 ... 2.9246320e-07 6.4470515e-07
 1.3992965e-07]","(4.6842342271702364e-07, 1.4537095012201462e-06)",[0.00078746 0.00039147 0.00028098 ... 0.0005408  0.00080294 0.00037407],"(0.0005928261089138687, 0.0003420527500566095)","[3.1839020e-04 2.3556287e-04 5.0433864e-05 ... 1.6035155e-03 1.5746012e-01
 7.5104166e-05]","(0.12719601392745972, 5.003363132476807)",[0.44212815 0.24159744 0.08756184 ... 0.4077552  0.72565114 0.12900236],"(0.3823133409023285, 0.46797487139701843)",[0.8161568  0.8859464  0.9536223  ... 0.82080364 0.7145241  0.9315793 ],"(0.8539014458656311, 0.0855141207575798)"
