,test_preds,test_truths,MSEs,MSE,RMSEs,RMSE,TMSEs,TMSE,SIDs,SID,SISs,SIS
exp,"[[0.00070442 0.00070624 0.00068534 ... 0.00098927 0.00102201 0.00099244]
 [0.0006729  0.00067984 0.0006565  ... 0.0006202  0.00061195 0.00061669]
 [0.00081923 0.00081438 0.00080129 ... 0.00072996 0.00073464 0.00070748]
 ...
 [0.0005698  0.0005848  0.00058301 ... 0.00079394 0.00079433 0.00077336]
 [0.00094062 0.00091111 0.00091514 ... 0.00073851 0.0007419  0.00072073]
 [0.00069028 0.00069548 0.00070516 ... 0.00066467 0.00068023 0.00066736]]","[[0.00078641 0.00079039 0.00079061 ... 0.00066848 0.00067635 0.00065682]
 [0.00084052 0.00084052 0.00084052 ... 0.00049828 0.00048755 0.00048812]
 [0.00066224 0.0006647  0.00066641 ... 0.00076283 0.00076933 0.00074964]
 ...
 [0.00048241 0.00048241 0.00048241 ... 0.00070392 0.00068889 0.00068919]
 [0.0001092  0.0001092  0.0001092  ... 0.00076887 0.00076353 0.00076976]
 [0.00095821 0.00095858 0.00095532 ... 0.00073747 0.00074396 0.00072463]]","[9.5513235e-07 1.0636045e-07 1.4600688e-07 ... 1.6026080e-07 6.3807050e-07
 1.3004936e-07]","(3.9531587958663295e-07, 1.3547846720030066e-06)",[0.00097731 0.00032613 0.00038211 ... 0.00040033 0.00079879 0.00036062],"(0.000558520550839603, 0.0002887638402171433)",[0.00069627 0.00011661 0.00030936 ... 0.00013929 0.05253955 0.00022416],"(0.1201825737953186, 4.238796710968018)",[0.72573346 0.15562518 0.174793   ... 0.19781333 0.7580965  0.13610134],"(0.3299197554588318, 0.44327059388160706)",[0.72940123 0.9207384  0.9159331  ... 0.9004486  0.70067716 0.93036765],"(0.868646502494812, 0.0726468488574028)"
