,test_preds,test_truths,MSEs,MSE,RMSEs,RMSE,TMSEs,TMSE,SIDs,SID,SISs,SIS
exp,"[[0.00059458 0.00061286 0.00058285 ... 0.0008058  0.0007826  0.00076035]
 [0.00059052 0.00059261 0.00060125 ... 0.00074894 0.00076036 0.00073338]
 [0.0007061  0.00070477 0.00070877 ... 0.00066114 0.00066942 0.00066928]
 ...
 [0.00072724 0.00074713 0.00075259 ... 0.00066358 0.00066761 0.00067007]
 [0.00054786 0.00053992 0.00055342 ... 0.00057001 0.00057376 0.00056888]
 [0.00050146 0.0004924  0.0005018  ... 0.00059619 0.0005882  0.00057855]]","[[0.00065335 0.00065751 0.00065664 ... 0.00055268 0.00055619 0.00055197]
 [0.00060137 0.00059222 0.00059868 ... 0.00051182 0.00051284 0.00051764]
 [0.00032637 0.00032851 0.00033004 ... 0.00065536 0.00065696 0.00064959]
 ...
 [0.00010431 0.00010668 0.00010681 ... 0.00054939 0.00055633 0.00053187]
 [0.00026898 0.0002701  0.00027052 ... 0.00049761 0.00049969 0.00049332]
 [0.00042537 0.00042623 0.00042813 ... 0.00051708 0.00051909 0.00051222]]","[2.5451743e-07 5.2615945e-07 6.6426260e-08 ... 5.6587038e-07 2.2927749e-07
 7.6947231e-08]","(3.6187580576552136e-07, 8.2845724591607e-07)",[0.0005045  0.00072537 0.00025773 ... 0.00075224 0.00047883 0.00027739],"(0.0005387578275986016, 0.00026762703782878816)",[0.0003027  0.00048517 0.00025279 ... 0.00090475 0.00013031 0.00024786],"(0.0760868713259697, 2.159331798553467)",[0.25596216 0.42427674 0.13849804 ... 0.50055134 0.19442868 0.09495383],"(0.3236245810985565, 0.3962893784046173)",[0.886821   0.8215655  0.9272709  ... 0.79360044 0.89933455 0.9528882 ],"(0.8695555329322815, 0.07190180569887161)"
