,test_preds,test_truths,MSEs,MSE,RMSEs,RMSE,TMSEs,TMSE,SIDs,SID,SISs,SIS
ChemBERTa-5M-MTR,"[[0.00065983 0.00067199 0.0006059  ... 0.00070293 0.00061839 0.00084591]
 [0.00065346 0.00065076 0.00065877 ... 0.00067675 0.00066021 0.00068111]
 [0.00055703 0.00056506 0.0006115  ... 0.00057553 0.00059287 0.00050612]
 ...
 [0.00057744 0.00060477 0.00062164 ... 0.00061969 0.00061626 0.0005744 ]
 [0.00056073 0.00056023 0.00061528 ... 0.0005735  0.00059711 0.00048018]
 [0.00057216 0.00058023 0.00062027 ... 0.00058341 0.00060807 0.00051494]]","[[0.00065335 0.00065751 0.00065664 ... 0.00055268 0.00055619 0.00055197]
 [0.00060137 0.00059222 0.00059868 ... 0.00051182 0.00051284 0.00051764]
 [0.00032637 0.00032851 0.00033004 ... 0.00065536 0.00065696 0.00064959]
 ...
 [0.00010431 0.00010668 0.00010681 ... 0.00054939 0.00055633 0.00053187]
 [0.00026898 0.0002701  0.00027052 ... 0.00049761 0.00049969 0.00049332]
 [0.00042537 0.00042623 0.00042813 ... 0.00051708 0.00051909 0.00051222]]","[8.2433797e-07 9.5103348e-07 1.9588221e-07 ... 7.5231299e-07 4.3928875e-07
 3.2545285e-07]","(9.811845984586398e-07, 2.311683374500717e-06)",[0.00090793 0.00097521 0.00044259 ... 0.00086736 0.00066279 0.00057048],"(0.0008921389817260206, 0.00043045819620601833)",[0.00222879 0.00255157 0.00084452 ... 0.0014855  0.00021886 0.00102601],"(0.18017295002937317, 2.218280553817749)",[0.6528781  0.885242   0.30430236 ... 0.74549556 0.44678718 0.28275245],"(0.897528350353241, 0.8916151523590088)",[0.76119685 0.66153    0.86435795 ... 0.6995267  0.79506314 0.8787743 ],"(0.7055585980415344, 0.10934443026781082)"
