,test_preds,test_truths,MSEs,MSE,RMSEs,RMSE,TMSEs,TMSE,SIDs,SID,SISs,SIS
ChemBERTa-5M-MTR,"[[0.00067226 0.00065283 0.00067758 ... 0.00067569 0.00067128 0.00066281]
 [0.0005935  0.0005873  0.00064315 ... 0.00059739 0.0006285  0.00052648]
 [0.00061489 0.00060861 0.00066111 ... 0.00061847 0.00064837 0.00055965]
 ...
 [0.00054335 0.00055194 0.00059461 ... 0.00055751 0.00058349 0.00046362]
 [0.00054799 0.00056499 0.00060434 ... 0.0005793  0.00059538 0.00048875]
 [0.00052718 0.00055388 0.0005439  ... 0.00055987 0.00053583 0.00055406]]","[[0.00078641 0.00079039 0.00079061 ... 0.00066848 0.00067635 0.00065682]
 [0.00084052 0.00084052 0.00084052 ... 0.00049828 0.00048755 0.00048812]
 [0.00066224 0.0006647  0.00066641 ... 0.00076283 0.00076933 0.00074964]
 ...
 [0.00048241 0.00048241 0.00048241 ... 0.00070392 0.00068889 0.00068919]
 [0.0001092  0.0001092  0.0001092  ... 0.00076887 0.00076353 0.00076976]
 [0.00095821 0.00095858 0.00095532 ... 0.00073747 0.00074396 0.00072463]]","[1.3381335e-06 3.3510713e-07 3.8508506e-07 ... 4.1541890e-07 9.5065963e-07
 1.0800474e-06]","(1.1489685221022228e-06, 2.3328111637965776e-06)",[0.00115678 0.00057888 0.00062055 ... 0.00064453 0.00097502 0.00103925],"(0.0009567523375153542, 0.0004833554266951978)","[8.6786546e-04 1.8086158e-04 1.5301214e-03 ... 7.0148119e-04 1.8839506e+00
 1.3705663e-03]","(0.27861303091049194, 2.892629623413086)",[1.1398872  0.45028776 0.4293623  ... 0.5036281  1.2723985  1.1069642 ],"(0.9823839664459229, 0.8055389523506165)",[0.6245331  0.80747956 0.8075817  ... 0.7867056  0.5611073  0.5880418 ],"(0.6860227584838867, 0.10870730876922607)"
