,test_preds,test_truths,MSEs,MSE,RMSEs,RMSE,TMSEs,TMSE,SIDs,SID,SISs,SIS
exp,"[[0.00066137 0.00067838 0.00070164 ... 0.00105671 0.00101594 0.00105495]
 [0.00063461 0.00060729 0.00062666 ... 0.0005845  0.00056731 0.00058034]
 [0.00077637 0.00076228 0.00076534 ... 0.00070522 0.00070145 0.0007137 ]
 ...
 [0.00052122 0.00051533 0.00051578 ... 0.00073804 0.00077033 0.00073559]
 [0.00086371 0.00085557 0.00079998 ... 0.00066384 0.00065823 0.00069009]
 [0.00065604 0.0006346  0.00068459 ... 0.00073465 0.0007249  0.00071256]]","[[0.00078641 0.00079039 0.00079061 ... 0.00066848 0.00067635 0.00065682]
 [0.00084052 0.00084052 0.00084052 ... 0.00049828 0.00048755 0.00048812]
 [0.00066224 0.0006647  0.00066641 ... 0.00076283 0.00076933 0.00074964]
 ...
 [0.00048241 0.00048241 0.00048241 ... 0.00070392 0.00068889 0.00068919]
 [0.0001092  0.0001092  0.0001092  ... 0.00076887 0.00076353 0.00076976]
 [0.00095821 0.00095858 0.00095532 ... 0.00073747 0.00074396 0.00072463]]","[9.8309238e-07 1.0488166e-07 1.2520943e-07 ... 1.9991845e-07 7.0675912e-07
 1.9265288e-07]","(4.205568018278427e-07, 1.4264692254073452e-06)",[0.00099151 0.00032385 0.00035385 ... 0.00044712 0.00084069 0.00043892],"(0.0005777915939688683, 0.0002944964508060366)","[7.57545175e-04 1.16018186e-04 5.31486061e-04 ... 2.38417721e-04
 1.31146282e-01 2.10411745e-04]","(0.19064442813396454, 7.688840866088867)",[0.6964474  0.15623751 0.1796604  ... 0.2331461  0.7608015  0.19684401],"(0.35543492436408997, 0.4793585538864136)",[0.733907   0.9207986  0.9113447  ... 0.88317305 0.6953713  0.89942425],"(0.8593305945396423, 0.07440795749425888)"
