,test_preds,test_truths,MSEs,MSE,RMSEs,RMSE,TMSEs,TMSE,SIDs,SID,SISs,SIS
exp,"[[0.00054479 0.00051605 0.00052035 ... 0.00069455 0.00072836 0.00072117]
 [0.0005976  0.00066716 0.00062853 ... 0.00070255 0.00069556 0.00071177]
 [0.00073235 0.00071875 0.00073153 ... 0.00066183 0.00066561 0.00067172]
 ...
 [0.0007364  0.00071329 0.00065145 ... 0.0006006  0.00058238 0.00060449]
 [0.00045963 0.00042306 0.00046537 ... 0.00052997 0.00056381 0.00060681]
 [0.00044877 0.00042017 0.00043666 ... 0.00049554 0.00049458 0.00048531]]","[[0.00065335 0.00065751 0.00065664 ... 0.00055268 0.00055619 0.00055197]
 [0.00060137 0.00059222 0.00059868 ... 0.00051182 0.00051284 0.00051764]
 [0.00032637 0.00032851 0.00033004 ... 0.00065536 0.00065696 0.00064959]
 ...
 [0.00010431 0.00010668 0.00010681 ... 0.00054939 0.00055633 0.00053187]
 [0.00026898 0.0002701  0.00027052 ... 0.00049761 0.00049969 0.00049332]
 [0.00042537 0.00042623 0.00042813 ... 0.00051708 0.00051909 0.00051222]]","[2.6937184e-07 7.0165430e-07 6.7541414e-08 ... 7.2542025e-07 2.0941394e-07
 7.7926032e-08]","(3.834407777958404e-07, 9.476100899519224e-07)",[0.00051901 0.00083765 0.00025989 ... 0.00085172 0.00045762 0.00027915],"(0.0005545185413211584, 0.00027560628950595856)",[0.00033246 0.00092457 0.00021998 ... 0.00084213 0.00012916 0.00019497],"(0.07720676809549332, 1.821563720703125)",[0.258177   0.56291246 0.13683915 ... 0.5855368  0.20420137 0.08558647],"(0.3458476960659027, 0.4124148190021515)",[0.88674426 0.7691194  0.9270495  ... 0.7564846  0.8947104  0.9575703 ],"(0.8611499667167664, 0.07420896738767624)"
