,test_preds,test_truths,MSEs,MSE,RMSEs,RMSE,TMSEs,TMSE,SIDs,SID,SISs,SIS
exp,"[[0.000676   0.00064402 0.00072639 ... 0.00097755 0.00096784 0.00093604]
 [0.00065205 0.00068388 0.00070289 ... 0.00062428 0.00059632 0.00059213]
 [0.00086806 0.0008526  0.00086695 ... 0.00076411 0.00076549 0.00076316]
 ...
 [0.00050322 0.00047081 0.00046204 ... 0.00065887 0.00068218 0.00067074]
 [0.00074523 0.0007213  0.00072609 ... 0.00060472 0.00060041 0.00059721]
 [0.00067602 0.00067569 0.00066693 ... 0.00073112 0.00072556 0.00068716]]","[[0.00078641 0.00079039 0.00079061 ... 0.00066848 0.00067635 0.00065682]
 [0.00084052 0.00084052 0.00084052 ... 0.00049828 0.00048755 0.00048812]
 [0.00066224 0.0006647  0.00066641 ... 0.00076283 0.00076933 0.00074964]
 ...
 [0.00048241 0.00048241 0.00048241 ... 0.00070392 0.00068889 0.00068919]
 [0.0001092  0.0001092  0.0001092  ... 0.00076887 0.00076353 0.00076976]
 [0.00095821 0.00095858 0.00095532 ... 0.00073747 0.00074396 0.00072463]]","[9.6157294e-07 9.6978226e-08 1.3462629e-07 ... 1.5636525e-07 6.5644969e-07
 1.9482076e-07]","(4.0652864186085935e-07, 1.383586436531914e-06)",[0.0009806  0.00031141 0.00036691 ... 0.00039543 0.00081022 0.00044139],"(0.0005669778911396861, 0.00029168283799663186)",[0.00070697 0.0001202  0.00048841 ... 0.00014598 0.02720205 0.0003175 ],"(0.1759578287601471, 8.731966018676758)",[0.73761165 0.15411668 0.16690247 ... 0.19015773 0.6753692  0.1965056 ],"(0.3348037302494049, 0.4496193528175354)",[0.7255314 0.9217681 0.9198893 ... 0.903972  0.7136004 0.8996188],"(0.8661856055259705, 0.07143764197826385)"
