,test_preds,test_truths,MSEs,MSE,RMSEs,RMSE,TMSEs,TMSE,SIDs,SID,SISs,SIS
exp,"[[0.00051779 0.00047198 0.00050636 ... 0.00068672 0.00069104 0.00067507]
 [0.00056093 0.00054525 0.00055132 ... 0.00069042 0.00072908 0.00073732]
 [0.00068844 0.00069082 0.00067546 ... 0.00062892 0.00062584 0.0006291 ]
 ...
 [0.00065961 0.0006796  0.00065097 ... 0.00058585 0.00055653 0.00056111]
 [0.0004432  0.00048277 0.00043889 ... 0.00053965 0.00054878 0.00055081]
 [0.00048101 0.00049367 0.00049669 ... 0.00053373 0.00053252 0.00053574]]","[[0.00065335 0.00065751 0.00065664 ... 0.00055268 0.00055619 0.00055197]
 [0.00060137 0.00059222 0.00059868 ... 0.00051182 0.00051284 0.00051764]
 [0.00032637 0.00032851 0.00033004 ... 0.00065536 0.00065696 0.00064959]
 ...
 [0.00010431 0.00010668 0.00010681 ... 0.00054939 0.00055633 0.00053187]
 [0.00026898 0.0002701  0.00027052 ... 0.00049761 0.00049969 0.00049332]
 [0.00042537 0.00042623 0.00042813 ... 0.00051708 0.00051909 0.00051222]]","[2.7280146e-07 5.6953678e-07 7.1373748e-08 ... 5.0934113e-07 2.0243877e-07
 7.2743028e-08]","(3.6839247741227155e-07, 9.696871074993396e-07)",[0.0005223  0.00075468 0.00026716 ... 0.00071368 0.00044993 0.00026971],"(0.0005427335854619741, 0.0002717376046348363)",[0.00038938 0.00080672 0.0002616  ... 0.00061113 0.00011693 0.00031101],"(0.06658188998699188, 1.8954086303710938)",[0.26715812 0.46332443 0.15058492 ... 0.42622918 0.18629949 0.08555762],"(0.3241632580757141, 0.38504213094711304)",[0.883284   0.8053705  0.91926336 ... 0.81327546 0.9019834  0.9583083 ],"(0.8685290217399597, 0.07118916511535645)"
