,test_preds,test_truths,MSEs,MSE,RMSEs,RMSE,TMSEs,TMSE,SIDs,SID,SISs,SIS
ChemBERTa-5M-MTR,"[[0.00071722 0.00075922 0.00072995 ... 0.00082084 0.00077507 0.00078675]
 [0.00069808 0.00070552 0.00070758 ... 0.00073479 0.00073922 0.00069876]
 [0.00068623 0.00067379 0.00068454 ... 0.00064033 0.00064812 0.00064485]
 ...
 [0.00064219 0.00065458 0.000638   ... 0.00066729 0.00065879 0.00064081]
 [0.00067367 0.00067952 0.00068772 ... 0.00066033 0.0006652  0.00065778]
 [0.00066634 0.00070702 0.0007109  ... 0.00072737 0.00072037 0.0007278 ]]","[[0.00078641 0.00079039 0.00079061 ... 0.00066848 0.00067635 0.00065682]
 [0.00084052 0.00084052 0.00084052 ... 0.00049828 0.00048755 0.00048812]
 [0.00066224 0.0006647  0.00066641 ... 0.00076283 0.00076933 0.00074964]
 ...
 [0.00048241 0.00048241 0.00048241 ... 0.00070392 0.00068889 0.00068919]
 [0.0001092  0.0001092  0.0001092  ... 0.00076887 0.00076353 0.00076976]
 [0.00095821 0.00095858 0.00095532 ... 0.00073747 0.00074396 0.00072463]]","[1.1477624e-06 3.1712122e-07 1.7720380e-07 ... 3.0811762e-07 8.7078757e-07
 8.0346558e-07]","(9.656087058829144e-07, 2.230580548712169e-06)",[0.00107134 0.00056314 0.00042096 ... 0.00055508 0.00093316 0.00089636],"(0.0008565427269786596, 0.00048164502368308604)","[6.9809309e-04 6.3820498e-04 3.2488987e-04 ... 4.6697636e-03 1.8172908e+00
 6.9483614e-04]","(0.4840053617954254, 4.833136558532715)",[0.8771328  0.5172535  0.2515467  ... 0.46759817 1.2594416  0.7705497 ],"(0.8649283647537231, 0.8161706328392029)",[0.68090665 0.77077025 0.87255746 ... 0.7901824  0.57383686 0.6735332 ],"(0.7112064361572266, 0.11382916569709778)"
