,test_preds,test_truths,MSEs,MSE,RMSEs,RMSE,TMSEs,TMSE,SIDs,SID,SISs,SIS
ChemBERTa-5M-MTR,"[[0.00070315 0.00072626 0.00071242 ... 0.00077025 0.00078264 0.00076138]
 [0.00068227 0.00069359 0.0006897  ... 0.00072153 0.00071127 0.00071644]
 [0.00064078 0.00063078 0.00064053 ... 0.00063435 0.0006135  0.00063183]
 ...
 [0.0006692  0.00066274 0.00066786 ... 0.00067217 0.00066249 0.00066775]
 [0.00065675 0.00065137 0.00065905 ... 0.00065292 0.00063399 0.00065748]
 [0.00065664 0.00065888 0.00066025 ... 0.0006758  0.0006642  0.00067547]]","[[0.00065335 0.00065751 0.00065664 ... 0.00055268 0.00055619 0.00055197]
 [0.00060137 0.00059222 0.00059868 ... 0.00051182 0.00051284 0.00051764]
 [0.00032637 0.00032851 0.00033004 ... 0.00065536 0.00065696 0.00064959]
 ...
 [0.00010431 0.00010668 0.00010681 ... 0.00054939 0.00055633 0.00053187]
 [0.00026898 0.0002701  0.00027052 ... 0.00049761 0.00049969 0.00049332]
 [0.00042537 0.00042623 0.00042813 ... 0.00051708 0.00051909 0.00051222]]","[7.8760388e-07 9.2706460e-07 1.7344901e-07 ... 7.1266794e-07 4.2100478e-07
 2.7228231e-07]","(9.588151215211838e-07, 2.514214884286048e-06)",[0.00088747 0.00096284 0.00041647 ... 0.0008442  0.00064885 0.00052181],"(0.0008714097202755511, 0.00044663590961135924)",[0.00148999 0.00238304 0.00108945 ... 0.00166081 0.00025469 0.00144248],"(0.2813778519630432, 2.7294507026672363)",[0.6782829  0.86815727 0.29653543 ... 0.7327445  0.4530649  0.24855514],"(0.8992162346839905, 1.0001633167266846)",[0.7301297  0.66374654 0.8529452  ... 0.695863   0.7776188  0.87697023],"(0.6949880719184875, 0.109759621322155)"
