,test_preds,test_truths,MSEs,MSE,RMSEs,RMSE,TMSEs,TMSE,SIDs,SID,SISs,SIS
ChemBERTa-5M-MTR,"[[0.00053004 0.00055369 0.00053746 ... 0.00069882 0.00070681 0.00069301]
 [0.0005759  0.0005897  0.00058158 ... 0.00069486 0.00069354 0.00070882]
 [0.00072797 0.00072862 0.00072348 ... 0.00066791 0.00066673 0.00065441]
 ...
 [0.00076699 0.00077571 0.00075812 ... 0.00063361 0.00064532 0.00063196]
 [0.00047858 0.00046575 0.00049008 ... 0.00052849 0.00053898 0.00053905]
 [0.00050818 0.00052466 0.00052332 ... 0.00057476 0.00056873 0.00058815]]","[[0.00065335 0.00065751 0.00065664 ... 0.00055268 0.00055619 0.00055197]
 [0.00060137 0.00059222 0.00059868 ... 0.00051182 0.00051284 0.00051764]
 [0.00032637 0.00032851 0.00033004 ... 0.00065536 0.00065696 0.00064959]
 ...
 [0.00010431 0.00010668 0.00010681 ... 0.00054939 0.00055633 0.00053187]
 [0.00026898 0.0002701  0.00027052 ... 0.00049761 0.00049969 0.00049332]
 [0.00042537 0.00042623 0.00042813 ... 0.00051708 0.00051909 0.00051222]]","[2.7937668e-07 5.7710685e-07 6.5136831e-08 ... 5.5605346e-07 1.9611477e-07
 6.5342647e-08]","(3.6348524190543685e-07, 8.511886449014128e-07)",[0.00052856 0.00075968 0.00025522 ... 0.00074569 0.00044285 0.00025562],"(0.0005423570983111858, 0.0002633289259392768)",[0.00046144 0.00080391 0.00037012 ... 0.00080724 0.00013503 0.00038134],"(0.05840012803673744, 1.9435957670211792)",[0.26776433 0.4598821  0.12903604 ... 0.46847463 0.17478788 0.07845724],"(0.3230677843093872, 0.3850807845592499)",[0.88328534 0.8060369  0.93286145 ... 0.80083805 0.90797603 0.9627611 ],"(0.8685718178749084, 0.07065220177173615)"
