,test_preds,test_truths,MSEs,MSE,RMSEs,RMSE,TMSEs,TMSE,SIDs,SID,SISs,SIS
ChemBERTa-5M-MTR,"[[0.00076796 0.00076203 0.00078438 ... 0.00113959 0.0011444  0.00109895]
 [0.00064794 0.00065783 0.00066395 ... 0.00058155 0.00058645 0.00057099]
 [0.00081056 0.00080817 0.00079921 ... 0.00073029 0.00073824 0.00072673]
 ...
 [0.000534   0.00052988 0.00053392 ... 0.00067462 0.00066236 0.0006755 ]
 [0.00076216 0.00073842 0.00075091 ... 0.00062302 0.00064979 0.0006395 ]
 [0.00075075 0.00070641 0.00073749 ... 0.00069524 0.00066524 0.00068911]]","[[0.00078641 0.00079039 0.00079061 ... 0.00066848 0.00067635 0.00065682]
 [0.00084052 0.00084052 0.00084052 ... 0.00049828 0.00048755 0.00048812]
 [0.00066224 0.0006647  0.00066641 ... 0.00076283 0.00076933 0.00074964]
 ...
 [0.00048241 0.00048241 0.00048241 ... 0.00070392 0.00068889 0.00068919]
 [0.0001092  0.0001092  0.0001092  ... 0.00076887 0.00076353 0.00076976]
 [0.00095821 0.00095858 0.00095532 ... 0.00073747 0.00074396 0.00072463]]","[9.5938071e-07 9.5599134e-08 1.3367200e-07 ... 1.4452776e-07 5.6483469e-07
 1.5746099e-07]","(4.0177079085879086e-07, 1.3996641428093426e-06)",[0.00097948 0.00030919 0.00036561 ... 0.00038017 0.00075155 0.00039681],"(0.0005634744884446263, 0.00029031254234723747)",[0.00061213 0.00010455 0.00050056 ... 0.00017057 0.02592037 0.00021192],"(0.434885710477829, 22.455795288085938)",[0.6908488  0.15112305 0.18010423 ... 0.18560323 0.63273937 0.17154688],"(0.33014020323753357, 0.4622035324573517)",[0.7344455  0.92226326 0.9117514  ... 0.90643656 0.73465455 0.91195667],"(0.8676542639732361, 0.07204846292734146)"
