,test_preds,test_truths,MSEs,MSE,RMSEs,RMSE,TMSEs,TMSE,SIDs,SID,SISs,SIS
exp,"[[0.00052612 0.00052366 0.00053304 ... 0.00075263 0.00075026 0.00074825]
 [0.00059446 0.00059856 0.0005931  ... 0.00069843 0.00069346 0.00070635]
 [0.00075598 0.00075699 0.00075167 ... 0.00067678 0.00066854 0.00065334]
 ...
 [0.00068479 0.00068557 0.00068048 ... 0.00059474 0.00060135 0.00058789]
 [0.00051497 0.0005006  0.00049959 ... 0.00059452 0.00056707 0.00057592]
 [0.00049491 0.00050268 0.00048627 ... 0.00058293 0.00058416 0.00058013]]","[[0.00065335 0.00065751 0.00065664 ... 0.00055268 0.00055619 0.00055197]
 [0.00060137 0.00059222 0.00059868 ... 0.00051182 0.00051284 0.00051764]
 [0.00032637 0.00032851 0.00033004 ... 0.00065536 0.00065696 0.00064959]
 ...
 [0.00010431 0.00010668 0.00010681 ... 0.00054939 0.00055633 0.00053187]
 [0.00026898 0.0002701  0.00027052 ... 0.00049761 0.00049969 0.00049332]
 [0.00042537 0.00042623 0.00042813 ... 0.00051708 0.00051909 0.00051222]]","[2.5678960e-07 5.5602703e-07 6.9642923e-08 ... 4.2193702e-07 1.7254413e-07
 6.5099343e-08]","(3.5938509768129734e-07, 7.492105851270026e-07)",[0.00050674 0.00074567 0.0002639  ... 0.00064957 0.00041538 0.00025515],"(0.0005397799541242421, 0.00026082692784257233)",[0.00032155 0.00072828 0.00043467 ... 0.00076877 0.00015783 0.00040475],"(0.06403528153896332, 1.8788050413131714)",[0.24946985 0.44521162 0.1380896  ... 0.3830505  0.17470802 0.08006227],"(0.3230521082878113, 0.38247525691986084)",[0.8901025  0.8092623  0.92784566 ... 0.83396184 0.90836215 0.9615791 ],"(0.8688275814056396, 0.07120156288146973)"
