,test_preds,test_truths,MSEs,MSE,RMSEs,RMSE,TMSEs,TMSE,SIDs,SID,SISs,SIS
exp,"[[0.00071983 0.00069252 0.00070685 ... 0.00098763 0.00096614 0.00094979]
 [0.00070317 0.00071489 0.00069987 ... 0.00063519 0.00062803 0.00063715]
 [0.00083764 0.00083503 0.0008298  ... 0.00070757 0.00069966 0.00069699]
 ...
 [0.00062877 0.00062212 0.00060227 ... 0.00077396 0.00077937 0.00079875]
 [0.00073986 0.00073148 0.00074769 ... 0.00066122 0.00066417 0.00066183]
 [0.00067716 0.00070438 0.00066343 ... 0.00069843 0.00071981 0.0006767 ]]","[[0.00078641 0.00079039 0.00079061 ... 0.00066848 0.00067635 0.00065682]
 [0.00084052 0.00084052 0.00084052 ... 0.00049828 0.00048755 0.00048812]
 [0.00066224 0.0006647  0.00066641 ... 0.00076283 0.00076933 0.00074964]
 ...
 [0.00048241 0.00048241 0.00048241 ... 0.00070392 0.00068889 0.00068919]
 [0.0001092  0.0001092  0.0001092  ... 0.00076887 0.00076353 0.00076976]
 [0.00095821 0.00095858 0.00095532 ... 0.00073747 0.00074396 0.00072463]]","[1.0480067e-06 9.2561301e-08 1.2302029e-07 ... 1.4426043e-07 6.1143550e-07
 1.8316015e-07]","(3.9828313447287655e-07, 1.3949735375717864e-06)",[0.00102372 0.00030424 0.00035074 ... 0.00037982 0.00078194 0.00042797],"(0.0005612942622974515, 0.00028852338436990976)",[0.00064984 0.00012271 0.00045323 ... 0.00018274 0.05410603 0.00024459],"(0.4248287081718445, 21.518878936767578)",[0.75537586 0.15529157 0.15779892 ... 0.1871898  0.66889226 0.18534516],"(0.33108264207839966, 0.4551774859428406)",[0.71655566 0.92163384 0.9230015  ... 0.9057747  0.72262776 0.9046689 ],"(0.8673714995384216, 0.07234282046556473)"
