,test_preds,test_truths,MSEs,MSE,RMSEs,RMSE,TMSEs,TMSE,SIDs,SID,SISs,SIS
ChemBERTa-5M-MTR,"[[0.00067689 0.00068874 0.00068591 ... 0.000717   0.00070344 0.00070531]
 [0.00067997 0.00069747 0.00068846 ... 0.00070948 0.00070018 0.00070927]
 [0.00067651 0.0006925  0.00068784 ... 0.0007088  0.00070183 0.00071131]
 ...
 [0.00063067 0.00061518 0.00062794 ... 0.00061689 0.00059136 0.00061491]
 [0.0006423  0.0006254  0.00063415 ... 0.00062061 0.00060533 0.00062149]
 [0.00062293 0.0006047  0.0006183  ... 0.00060825 0.00058717 0.00060613]]","[[0.00078641 0.00079039 0.00079061 ... 0.00066848 0.00067635 0.00065682]
 [0.00084052 0.00084052 0.00084052 ... 0.00049828 0.00048755 0.00048812]
 [0.00066224 0.0006647  0.00066641 ... 0.00076283 0.00076933 0.00074964]
 ...
 [0.00048241 0.00048241 0.00048241 ... 0.00070392 0.00068889 0.00068919]
 [0.0001092  0.0001092  0.0001092  ... 0.00076887 0.00076353 0.00076976]
 [0.00095821 0.00095858 0.00095532 ... 0.00073747 0.00074396 0.00072463]]","[1.3279197e-06 3.0825106e-07 3.7524777e-07 ... 3.7300327e-07 9.4762800e-07
 1.0133549e-06]","(1.1243832886975724e-06, 2.368268724239897e-06)",[0.00115235 0.0005552  0.00061257 ... 0.00061074 0.00097346 0.00100666],"(0.0009370028856210411, 0.000496437307447195)","[8.6015282e-04 1.8721748e-04 1.9698122e-03 ... 6.6106091e-04 2.8801117e+00
 1.5548914e-03]","(0.4946821331977844, 6.284321308135986)",[1.1098807  0.41520822 0.42805713 ... 0.4625513  1.3180428  1.0726541 ],"(0.9932748079299927, 0.8517278432846069)",[0.6278543 0.8024729 0.796618  ... 0.7897814 0.5524329 0.590072 ],"(0.67347252368927, 0.11080871522426605)"
