,test_preds,test_truths,MSEs,MSE,RMSEs,RMSE,TMSEs,TMSE,SIDs,SID,SISs,SIS
ChemBERTa-5M-MTR,"[[0.00072417 0.00073059 0.00072393 ... 0.00071466 0.00072737 0.00071311]
 [0.00076745 0.00077482 0.00076686 ... 0.00075775 0.00077002 0.00075565]
 [0.00068083 0.00068716 0.00067994 ... 0.00067146 0.00068316 0.00067029]
 ...
 [0.0006913  0.0006972  0.00068974 ... 0.0006821  0.00069338 0.00068042]
 [0.00068256 0.00068959 0.00068126 ... 0.00067335 0.00068469 0.00067227]
 [0.00069387 0.00070045 0.00069325 ... 0.00068482 0.00069663 0.00068363]]","[[0.00065335 0.00065751 0.00065664 ... 0.00055268 0.00055619 0.00055197]
 [0.00060137 0.00059222 0.00059868 ... 0.00051182 0.00051284 0.00051764]
 [0.00032637 0.00032851 0.00033004 ... 0.00065536 0.00065696 0.00064959]
 ...
 [0.00010431 0.00010668 0.00010681 ... 0.00054939 0.00055633 0.00053187]
 [0.00026898 0.0002701  0.00027052 ... 0.00049761 0.00049969 0.00049332]
 [0.00042537 0.00042623 0.00042813 ... 0.00051708 0.00051909 0.00051222]]","[8.49142168e-07 8.32468402e-07 1.09127896e-07 ... 6.66052017e-07
 3.31207957e-07 2.57215561e-07]","(9.187606906380097e-07, 2.395172032265691e-06)",[0.00092149 0.0009124  0.00033035 ... 0.00081612 0.00057551 0.00050716],"(0.0008433584589511156, 0.0004555562336463481)",[0.00064437 0.00136785 0.00022297 ... 0.00063474 0.00017765 0.00029564],"(0.2632961571216583, 2.6254372596740723)",[0.766811   0.7541142  0.19204909 ... 0.6689023  0.34502497 0.26557598],"(0.8569986820220947, 0.9592313766479492)",[0.7012674  0.6941456  0.8946855  ... 0.71324086 0.8192259  0.8623709 ],"(0.7064099311828613, 0.12028971314430237)"
