,test_preds,test_truths,MSEs,MSE,RMSEs,RMSE,TMSEs,TMSE,SIDs,SID,SISs,SIS
ChemGPT-4.7M,"[[0.00195893 0.00203346 0.00223671 ... 0.00200655 0.00201324 0.00189589]
 [0.00190411 0.00197652 0.00217677 ... 0.00195097 0.00195794 0.00184216]
 [0.00194714 0.00202009 0.00222085 ... 0.00199319 0.00200186 0.00188337]
 ...
 [0.0019555  0.00202859 0.00223274 ... 0.00200212 0.00201004 0.00189203]
 [0.00196417 0.00203908 0.00224387 ... 0.00201315 0.0020203  0.001902  ]
 [0.0020303  0.00210695 0.00231376 ... 0.00207947 0.00208777 0.00196731]]","[[0.00078641 0.00079039 0.00079061 ... 0.00066848 0.00067635 0.00065682]
 [0.00084052 0.00084052 0.00084052 ... 0.00049828 0.00048755 0.00048812]
 [0.00066224 0.0006647  0.00066641 ... 0.00076283 0.00076933 0.00074964]
 ...
 [0.00048241 0.00048241 0.00048241 ... 0.00070392 0.00068889 0.00068919]
 [0.0001092  0.0001092  0.0001092  ... 0.00076887 0.00076353 0.00076976]
 [0.00095821 0.00095858 0.00095532 ... 0.00073747 0.00074396 0.00072463]]","[3.8442618e-06 2.6212879e-06 2.6081054e-06 ... 2.9014184e-06 3.6699903e-06
 3.8089779e-06]","(3.4518595839472255e-06, 2.31705075748323e-06)",[0.00196068 0.00161904 0.00161496 ... 0.00170335 0.00191572 0.00195166],"(0.0018209514673799276, 0.0003688062133733183)","[1.20937051e-02 8.98906495e-03 1.93855669e-02 ... 1.13195546e-01
 2.31371422e+01 2.18675900e-02]","(4.475542068481445, 57.90388870239258)",[3.0254486 2.522962  2.509597  ... 3.015705  4.4429336 4.3198442],"(3.552518606185913, 1.1559561491012573)",[0.6344879 0.7659627 0.8035731 ... 0.7386659 0.5680792 0.5608309],"(0.6471458077430725, 0.11112066358327866)"
