,test_preds,test_truths,MSEs,MSE,RMSEs,RMSE,TMSEs,TMSE,SIDs,SID,SISs,SIS
ChemBERTa-5M-MTR,"[[0.00078385 0.00077396 0.00078272 ... 0.00085133 0.00089344 0.00087967]
 [0.00070338 0.00075912 0.00073157 ... 0.00081366 0.0007736  0.00079415]
 [0.00064756 0.00066259 0.00063436 ... 0.00066595 0.00067003 0.00063468]
 ...
 [0.00064745 0.00067827 0.00064684 ... 0.00067669 0.00065941 0.00064217]
 [0.00065502 0.00065848 0.00066159 ... 0.00061603 0.00060888 0.00061622]
 [0.00066069 0.00068935 0.00065921 ... 0.00070594 0.00068338 0.00066236]]","[[0.00065335 0.00065751 0.00065664 ... 0.00055268 0.00055619 0.00055197]
 [0.00060137 0.00059222 0.00059868 ... 0.00051182 0.00051284 0.00051764]
 [0.00032637 0.00032851 0.00033004 ... 0.00065536 0.00065696 0.00064959]
 ...
 [0.00010431 0.00010668 0.00010681 ... 0.00054939 0.00055633 0.00053187]
 [0.00026898 0.0002701  0.00027052 ... 0.00049761 0.00049969 0.00049332]
 [0.00042537 0.00042623 0.00042813 ... 0.00051708 0.00051909 0.00051222]]","[5.0259951e-07 7.1622372e-07 1.4250656e-07 ... 6.4125334e-07 2.4234157e-07
 2.5546760e-07]","(7.758630999887828e-07, 2.2180001906235702e-06)",[0.00070894 0.0008463  0.0003775  ... 0.00080078 0.00049228 0.00050544],"(0.0007680304697714746, 0.00043129341793246567)",[0.00054019 0.00178394 0.00028998 ... 0.00060967 0.00014332 0.00032916],"(0.28653374314308167, 4.5183329582214355)",[0.3868885  0.690024   0.23913924 ... 0.6224786  0.28116828 0.25928092],"(0.7051224112510681, 0.8857983946800232)",[0.83372116 0.71551937 0.8725496  ... 0.7304645  0.8500348  0.8675201 ],"(0.7510634064674377, 0.11395371705293655)"
