,test_preds,test_truths,MSEs,MSE,RMSEs,RMSE,TMSEs,TMSE,SIDs,SID,SISs,SIS
ChemBERTa-5M-MTR,"[[0.00073881 0.00073224 0.00071553 ... 0.00098507 0.00101055 0.00097368]
 [0.00067136 0.00066841 0.00066878 ... 0.00060415 0.00060372 0.00059362]
 [0.00074487 0.00074574 0.00073527 ... 0.00067503 0.00068013 0.0006763 ]
 ...
 [0.00073118 0.00073302 0.00073049 ... 0.00085854 0.0008738  0.00089966]
 [0.00084653 0.00085443 0.00083924 ... 0.00076087 0.00077361 0.00076436]
 [0.00065959 0.00067462 0.00067206 ... 0.00080601 0.00079089 0.00079159]]","[[0.00078641 0.00079039 0.00079061 ... 0.00066848 0.00067635 0.00065682]
 [0.00084052 0.00084052 0.00084052 ... 0.00049828 0.00048755 0.00048812]
 [0.00066224 0.0006647  0.00066641 ... 0.00076283 0.00076933 0.00074964]
 ...
 [0.00048241 0.00048241 0.00048241 ... 0.00070392 0.00068889 0.00068919]
 [0.0001092  0.0001092  0.0001092  ... 0.00076887 0.00076353 0.00076976]
 [0.00095821 0.00095858 0.00095532 ... 0.00073747 0.00074396 0.00072463]]","[9.8489727e-07 1.1544308e-07 1.7379699e-07 ... 1.4239397e-07 6.5286093e-07
 2.4660804e-07]","(4.2155696178269864e-07, 1.2808297924493672e-06)",[0.00099242 0.00033977 0.00041689 ... 0.00037735 0.000808   0.0004966 ],"(0.0005824835388921201, 0.0002868511655833572)","[1.9145319e-02 3.0684538e-04 1.9202178e-02 ... 1.3372567e-03 5.1313180e-01
 8.7652681e-03]","(0.38166531920433044, 11.589776039123535)",[0.8768505  0.1806514  0.31704295 ... 0.2067124  0.8901972  0.32537907],"(0.44486624002456665, 0.48102930188179016)",[0.6925268  0.91127825 0.8598082  ... 0.90154815 0.67735976 0.84721756],"(0.8333526849746704, 0.08086756616830826)"
