,test_preds,test_truths,MSEs,MSE,RMSEs,RMSE,TMSEs,TMSE,SIDs,SID,SISs,SIS
ChemBERTa-5M-MTR,"[[0.00051193 0.00051219 0.00050924 ... 0.0007764  0.00077021 0.0007473 ]
 [0.00066938 0.00067899 0.0006615  ... 0.00079072 0.00082096 0.00079537]
 [0.00066142 0.00067478 0.00066659 ... 0.00066939 0.00066414 0.00066647]
 ...
 [0.00072083 0.00070815 0.00072711 ... 0.0007084  0.00070001 0.00072317]
 [0.00055829 0.000553   0.00054549 ... 0.0005291  0.00053203 0.00053239]
 [0.00053515 0.00053841 0.00053377 ... 0.00058973 0.00059816 0.00058452]]","[[0.00065335 0.00065751 0.00065664 ... 0.00055268 0.00055619 0.00055197]
 [0.00060137 0.00059222 0.00059868 ... 0.00051182 0.00051284 0.00051764]
 [0.00032637 0.00032851 0.00033004 ... 0.00065536 0.00065696 0.00064959]
 ...
 [0.00010431 0.00010668 0.00010681 ... 0.00054939 0.00055633 0.00053187]
 [0.00026898 0.0002701  0.00027052 ... 0.00049761 0.00049969 0.00049332]
 [0.00042537 0.00042623 0.00042813 ... 0.00051708 0.00051909 0.00051222]]","[2.7674002e-07 5.1469607e-07 8.0133546e-08 ... 4.9589585e-07 2.1254968e-07
 9.3855149e-08]","(3.9436488918909163e-07, 8.672075182403205e-07)",[0.00052606 0.00071742 0.00028308 ... 0.0007042  0.00046103 0.00030636],"(0.000566686037927866, 0.00027062962180934846)",[0.02023686 0.0046993  0.00230559 ... 0.02764419 0.00022697 0.00967368],"(0.2748017907142639, 6.385951519012451)",[0.3015761  0.46271658 0.18506922 ... 0.4965536  0.24485314 0.16200802],"(0.4375650882720947, 0.48015642166137695)",[0.8721878  0.81387216 0.90623206 ... 0.80132985 0.87737125 0.92345905],"(0.8341132998466492, 0.08025000989437103)"
