,test_preds,test_truths,MSEs,MSE,RMSEs,RMSE,TMSEs,TMSE,SIDs,SID,SISs,SIS
ChemBERTa-5M-MTR,"[[0.00078565 0.00077372 0.00078379 ... 0.00080882 0.00078397 0.00079225]
 [0.00080014 0.00078789 0.00079763 ... 0.00082324 0.00079815 0.00080654]
 [0.00068816 0.00067761 0.0006866  ... 0.00070916 0.00068725 0.00069418]
 ...
 [0.00073564 0.00072424 0.00073384 ... 0.00075695 0.00073422 0.00074212]
 [0.00073564 0.0007242  0.00073395 ... 0.0007578  0.00073476 0.00074133]
 [0.00071563 0.0007045  0.00071387 ... 0.00073733 0.00071461 0.000722  ]]","[[0.00065335 0.00065751 0.00065664 ... 0.00055268 0.00055619 0.00055197]
 [0.00060137 0.00059222 0.00059868 ... 0.00051182 0.00051284 0.00051764]
 [0.00032637 0.00032851 0.00033004 ... 0.00065536 0.00065696 0.00064959]
 ...
 [0.00010431 0.00010668 0.00010681 ... 0.00054939 0.00055633 0.00053187]
 [0.00026898 0.0002701  0.00027052 ... 0.00049761 0.00049969 0.00049332]
 [0.00042537 0.00042623 0.00042813 ... 0.00051708 0.00051909 0.00051222]]","[7.7536060e-07 9.3701755e-07 1.5797225e-07 ... 7.1544281e-07 3.8111577e-07
 2.5155157e-07]","(9.319656442130508e-07, 2.3654972665099194e-06)",[0.00088055 0.000968   0.00039746 ... 0.00084584 0.00061735 0.00050155],"(0.0008566906908527017, 0.00044505047844722867)",[0.00177689 0.00351438 0.00139781 ... 0.00223281 0.00033697 0.00180236],"(0.3318181335926056, 2.8033926486968994)",[0.6890532  0.93281007 0.30804724 ... 0.7794555  0.46303296 0.24999805],"(0.9066432118415833, 0.929400622844696)",[0.7245803  0.65339524 0.84070176 ... 0.68276227 0.77506226 0.8722805 ],"(0.6906266212463379, 0.10985006392002106)"
