,test_preds,test_truths,MSEs,MSE,RMSEs,RMSE,TMSEs,TMSE,SIDs,SID,SISs,SIS
ChemBERTa-5M-MTR,"[[0.00079007 0.0007783  0.00078802 ... 0.00081362 0.00078841 0.0007966 ]
 [0.00076713 0.0007553  0.00076462 ... 0.00078976 0.00076538 0.00077327]
 [0.00078599 0.00077365 0.00078383 ... 0.00080911 0.00078402 0.0007926 ]
 ...
 [0.00067632 0.00066565 0.00067438 ... 0.00069642 0.00067513 0.00068225]
 [0.000735   0.00072389 0.00073369 ... 0.00075688 0.00073417 0.00074115]
 [0.00069009 0.0006795  0.00068882 ... 0.00071051 0.00068921 0.00069627]]","[[0.00078641 0.00079039 0.00079061 ... 0.00066848 0.00067635 0.00065682]
 [0.00084052 0.00084052 0.00084052 ... 0.00049828 0.00048755 0.00048812]
 [0.00066224 0.0006647  0.00066641 ... 0.00076283 0.00076933 0.00074964]
 ...
 [0.00048241 0.00048241 0.00048241 ... 0.00070392 0.00068889 0.00068919]
 [0.0001092  0.0001092  0.0001092  ... 0.00076887 0.00076353 0.00076976]
 [0.00095821 0.00095858 0.00095532 ... 0.00073747 0.00074396 0.00072463]]","[1.3380006e-06 2.8452911e-07 3.3681800e-07 ... 3.5967224e-07 9.3533066e-07
 9.7603970e-07]","(1.1105330486316234e-06, 2.4058947474259185e-06)",[0.00115672 0.00053341 0.00058036 ... 0.00059973 0.00096712 0.00098795],"(0.0009248331771232188, 0.0005052318447269499)","[1.1493629e-03 2.1870933e-04 2.7939619e-03 ... 9.0801134e-04 5.2153916e+00
 2.1351974e-03]","(0.55977863073349, 5.560256481170654)",[1.0847642 0.3957944 0.4304299 ... 0.4679356 1.4278104 1.0975766],"(1.0056915283203125, 0.8719919323921204)",[0.6293488  0.8077928  0.79859096 ... 0.77853805 0.5477526  0.5858944 ],"(0.6695031523704529, 0.11143769323825836)"
