,test_preds,test_truths,MSEs,MSE,RMSEs,RMSE,TMSEs,TMSE,SIDs,SID,SISs,SIS
ChemBERTa-5M-MTR,"[[0.00071447 0.0006997  0.00070322 ... 0.00091709 0.0008917  0.00089063]
 [0.00070009 0.00069011 0.00068592 ... 0.00061753 0.00063006 0.00059817]
 [0.00075989 0.00075046 0.00074409 ... 0.00064226 0.00065399 0.00063222]
 ...
 [0.00074113 0.00068625 0.00071923 ... 0.00081018 0.0008221  0.00081777]
 [0.00081184 0.00080174 0.00081525 ... 0.00076604 0.00076687 0.00074826]
 [0.00062597 0.00062259 0.00063209 ... 0.00074221 0.00074049 0.00073907]]","[[0.00078641 0.00079039 0.00079061 ... 0.00066848 0.00067635 0.00065682]
 [0.00084052 0.00084052 0.00084052 ... 0.00049828 0.00048755 0.00048812]
 [0.00066224 0.0006647  0.00066641 ... 0.00076283 0.00076933 0.00074964]
 ...
 [0.00048241 0.00048241 0.00048241 ... 0.00070392 0.00068889 0.00068919]
 [0.0001092  0.0001092  0.0001092  ... 0.00076887 0.00076353 0.00076976]
 [0.00095821 0.00095858 0.00095532 ... 0.00073747 0.00074396 0.00072463]]","[7.5311249e-07 1.5282195e-07 8.7793069e-08 ... 2.7400026e-07 6.2658984e-07
 1.7758411e-07]","(4.93138941237703e-07, 1.4669749361928552e-06)",[0.00086782 0.00039092 0.0002963  ... 0.00052345 0.00079157 0.00042141],"(0.0006146945524960756, 0.0003395714156795293)","[2.3838177e-03 3.7463981e-04 1.4029987e-03 ... 1.4444601e-03 8.8359052e-01
 5.8114901e-04]","(0.7563215494155884, 31.180089950561523)",[0.5896294  0.24260075 0.12198665 ... 0.36986324 0.8736312  0.2046947 ],"(0.4756295084953308, 0.5228058695793152)",[0.76779604 0.8862971  0.9385843  ... 0.8333645  0.6891272  0.8957447 ],"(0.8251047730445862, 0.09082935750484467)"
