,test_preds,test_truths,MSEs,MSE,RMSEs,RMSE,TMSEs,TMSE,SIDs,SID,SISs,SIS
ChemBERTa-5M-MTR,"[[0.0005067  0.00050718 0.00050274 ... 0.00069803 0.00070451 0.00066149]
 [0.00065328 0.00064481 0.00062579 ... 0.00079833 0.0007939  0.00078748]
 [0.00067388 0.00066111 0.00067058 ... 0.00059992 0.00060745 0.00060343]
 ...
 [0.00066312 0.00065103 0.00065827 ... 0.00061394 0.00060545 0.00061339]
 [0.0004957  0.00049996 0.00049045 ... 0.00050934 0.00048828 0.00048061]
 [0.00056623 0.00057228 0.00057982 ... 0.00059138 0.00058408 0.00058332]]","[[0.00065335 0.00065751 0.00065664 ... 0.00055268 0.00055619 0.00055197]
 [0.00060137 0.00059222 0.00059868 ... 0.00051182 0.00051284 0.00051764]
 [0.00032637 0.00032851 0.00033004 ... 0.00065536 0.00065696 0.00064959]
 ...
 [0.00010431 0.00010668 0.00010681 ... 0.00054939 0.00055633 0.00053187]
 [0.00026898 0.0002701  0.00027052 ... 0.00049761 0.00049969 0.00049332]
 [0.00042537 0.00042623 0.00042813 ... 0.00051708 0.00051909 0.00051222]]","[2.04049584e-07 3.65353515e-07 4.16806678e-08 ... 2.15489109e-07
 1.13595313e-07 1.08043665e-07]","(3.0862585731483705e-07, 8.107896860565234e-07)",[0.00045172 0.00060444 0.00020416 ... 0.00046421 0.00033704 0.0003287 ],"(0.0004910174175165594, 0.00025987622211687267)","[1.0267367e-03 2.2616109e-03 2.6768283e-04 ... 1.1464279e-02 9.9843564e-05
 8.8462722e-04]","(0.27744123339653015, 6.456068992614746)",[0.15715314 0.32355046 0.08669394 ... 0.26192105 0.1936399  0.12849045],"(0.33577314019203186, 0.44477659463882446)",[0.9300868  0.8640262  0.9508751  ... 0.88659346 0.89355713 0.93434215],"(0.8687953352928162, 0.08187742531299591)"
