,test_preds,test_truths,MSEs,MSE,RMSEs,RMSE,TMSEs,TMSE,SIDs,SID,SISs,SIS
ChemGPT-4.7M,"[[0.00077649 0.00075878 0.00080549 ... 0.00084762 0.00075744 0.00084427]
 [0.00072331 0.0007093  0.00075425 ... 0.00079336 0.00070793 0.00079153]
 [0.00076465 0.00074965 0.00079904 ... 0.00084112 0.00074614 0.00083588]
 ...
 [0.00071044 0.00069684 0.00074016 ... 0.00077685 0.00069308 0.00077439]
 [0.00073536 0.0007234  0.00076551 ... 0.00080359 0.00071168 0.00080142]
 [0.00077741 0.00076127 0.00080893 ... 0.00085116 0.00074315 0.00084019]]","[[0.00078641 0.00079039 0.00079061 ... 0.00066848 0.00067635 0.00065682]
 [0.00084052 0.00084052 0.00084052 ... 0.00049828 0.00048755 0.00048812]
 [0.00066224 0.0006647  0.00066641 ... 0.00076283 0.00076933 0.00074964]
 ...
 [0.00048241 0.00048241 0.00048241 ... 0.00070392 0.00068889 0.00068919]
 [0.0001092  0.0001092  0.0001092  ... 0.00076887 0.00076353 0.00076976]
 [0.00095821 0.00095858 0.00095532 ... 0.00073747 0.00074396 0.00072463]]","[1.2839172e-06 3.0738184e-07 3.6336502e-07 ... 3.3954595e-07 9.0080317e-07
 9.1487595e-07]","(2.533938868509722e-06, 4.54356377304066e-05)",[0.0011331  0.00055442 0.0006028  ... 0.00058271 0.00094911 0.00095649],"(0.0009594683069735765, 0.001270286738872528)","[1.4458854e-03 2.5203984e-04 4.6727811e-03 ... 1.5448137e-03 3.8875473e+00
 3.0873916e-03]","(1.0121394395828247, 15.129446029663086)",[1.0497599  0.40161398 0.4577286  ... 0.45144358 1.3175728  1.1113609 ],"(1.2986326217651367, 7.647092819213867)",[0.63884336 0.80815786 0.78911716 ... 0.7883587  0.5675329  0.59487027],"(0.667121946811676, 0.11279366910457611)"
