,test_preds,test_truths,MSEs,MSE,RMSEs,RMSE,TMSEs,TMSE,SIDs,SID,SISs,SIS
ChemGPT-4.7M,"[[0.0007963  0.00077963 0.00082859 ... 0.00087101 0.00077347 0.00086634]
 [0.00077287 0.00075876 0.00080468 ... 0.00084719 0.00075138 0.00084047]
 [0.0007061  0.00069071 0.00073366 ... 0.00077178 0.00067928 0.00076502]
 ...
 [0.00070826 0.00069693 0.00073761 ... 0.00077389 0.00068718 0.00077113]
 [0.00075055 0.00073453 0.00078142 ... 0.00082491 0.00073205 0.00081976]
 [0.00074659 0.00073048 0.00077828 ... 0.00081697 0.00072901 0.00081632]]","[[0.00065335 0.00065751 0.00065664 ... 0.00055268 0.00055619 0.00055197]
 [0.00060137 0.00059222 0.00059868 ... 0.00051182 0.00051284 0.00051764]
 [0.00032637 0.00032851 0.00033004 ... 0.00065536 0.00065696 0.00064959]
 ...
 [0.00010431 0.00010668 0.00010681 ... 0.00054939 0.00055633 0.00053187]
 [0.00026898 0.0002701  0.00027052 ... 0.00049761 0.00049969 0.00049332]
 [0.00042537 0.00042623 0.00042813 ... 0.00051708 0.00051909 0.00051222]]","[7.4985047e-07 8.7542844e-07 1.5800624e-07 ... 6.9058541e-07 3.6639489e-07
 2.4371644e-07]","(2.5333249595860252e-06, 4.73646359751001e-05)",[0.00086594 0.00093564 0.0003975  ... 0.00083101 0.00060531 0.00049368],"(0.0008951150812208652, 0.001316167414188385)",[0.00321717 0.00536318 0.00273535 ... 0.00336888 0.00044163 0.00399818],"(0.5841708183288574, 6.396899223327637)",[0.70229    0.8414995  0.30692443 ... 0.7188786  0.45324704 0.28203568],"(1.2121919393539429, 8.110905647277832)",[0.72355217 0.67625535 0.8441395  ... 0.7018674  0.78329915 0.8621093 ],"(0.6900296807289124, 0.11095535010099411)"
