,test_preds,test_truths,MSEs,MSE,RMSEs,RMSE,TMSEs,TMSE,SIDs,SID,SISs,SIS
ChemBERTa-5M-MTR,"[[0.0009233  0.00087074 0.00085686 ... 0.00103105 0.00104429 0.0010636 ]
 [0.00086063 0.00080945 0.00079474 ... 0.00096143 0.0009745  0.00098742]
 [0.00083683 0.00078916 0.00077457 ... 0.0009343  0.00095018 0.00096353]
 ...
 [0.00084277 0.00078849 0.00077736 ... 0.00093897 0.00095387 0.00096401]
 [0.00084173 0.00078985 0.00077453 ... 0.00093531 0.00095454 0.00095999]
 [0.00081952 0.00077077 0.00075751 ... 0.00091396 0.00092846 0.00093995]]","[[0.00078641 0.00079039 0.00079061 ... 0.00066848 0.00067635 0.00065682]
 [0.00084052 0.00084052 0.00084052 ... 0.00049828 0.00048755 0.00048812]
 [0.00066224 0.0006647  0.00066641 ... 0.00076283 0.00076933 0.00074964]
 ...
 [0.00048241 0.00048241 0.00048241 ... 0.00070392 0.00068889 0.00068919]
 [0.0001092  0.0001092  0.0001092  ... 0.00076887 0.00076353 0.00076976]
 [0.00095821 0.00095858 0.00095532 ... 0.00073747 0.00074396 0.00072463]]","[1.3127001e-06 3.1131816e-07 3.7053681e-07 ... 3.4043344e-07 9.2457475e-07
 9.3202982e-07]","(1.1056370112783043e-06, 2.3872860310802935e-06)",[0.00114573 0.00055796 0.00060872 ... 0.00058347 0.00096155 0.00096542],"(0.0009243784588761628, 0.0005012017791159451)","[1.8955300e-03 3.0400130e-04 5.0656893e-03 ... 1.6400985e-03 5.4652605e+00
 3.3492439e-03]","(1.1111350059509277, 15.909679412841797)",[1.0518246  0.42716128 0.49764812 ... 0.4927122  1.4352722  1.1700041 ],"(1.0995274782180786, 0.9131675958633423)",[0.648405   0.80908954 0.7834099  ... 0.79012865 0.56628907 0.5898404 ],"(0.6662040948867798, 0.11191477626562119)"
