,test_preds,test_truths,MSEs,MSE,RMSEs,RMSE,TMSEs,TMSE,SIDs,SID,SISs,SIS
ChemBERTa-5M-MTR,"[[0.00095149 0.00089072 0.00088292 ... 0.00105544 0.00106878 0.00108885]
 [0.00089421 0.00084163 0.00082937 ... 0.00099746 0.00100946 0.0010269 ]
 [0.00086217 0.0008151  0.00079873 ... 0.00096203 0.00097833 0.00099035]
 ...
 [0.00085582 0.0008028  0.00079237 ... 0.00095523 0.00096838 0.00097876]
 [0.00090812 0.00085453 0.00084132 ... 0.00101267 0.00102663 0.0010385 ]
 [0.00084884 0.0007965  0.00078492 ... 0.00094615 0.00096157 0.00097332]]","[[0.00065335 0.00065751 0.00065664 ... 0.00055268 0.00055619 0.00055197]
 [0.00060137 0.00059222 0.00059868 ... 0.00051182 0.00051284 0.00051764]
 [0.00032637 0.00032851 0.00033004 ... 0.00065536 0.00065696 0.00064959]
 ...
 [0.00010431 0.00010668 0.00010681 ... 0.00054939 0.00055633 0.00053187]
 [0.00026898 0.0002701  0.00027052 ... 0.00049761 0.00049969 0.00049332]
 [0.00042537 0.00042623 0.00042813 ... 0.00051708 0.00051909 0.00051222]]","[7.2805182e-07 9.0977568e-07 1.8318907e-07 ... 6.7596466e-07 4.1531564e-07
 2.3583810e-07]","(9.300551937485579e-07, 2.3611585220351117e-06)",[0.00085326 0.00095382 0.00042801 ... 0.00082217 0.00064445 0.00048563],"(0.0008581989677622914, 0.00043996854219585657)",[0.0043409  0.00664077 0.00408759 ... 0.00481979 0.00065083 0.00465418],"(0.5736039876937866, 5.034659385681152)",[0.75590503 0.93644494 0.4002657  ... 0.7867354  0.58065027 0.3182132 ],"(0.9878528118133545, 0.9471811652183533)",[0.7243753  0.6689641  0.83228225 ... 0.6999375  0.77149814 0.86296594],"(0.6876770257949829, 0.10946665704250336)"
