,test_preds,test_truths,MSEs,MSE,RMSEs,RMSE,TMSEs,TMSE,SIDs,SID,SISs,SIS
ChemGPT-4.7M,"[[0.00268545 0.00270819 0.00253238 ... 0.00272303 0.00269198 0.00259574]
 [0.00236098 0.00237739 0.00222239 ... 0.0023927  0.00236708 0.00228021]
 [0.00229852 0.00231505 0.00216513 ... 0.00233025 0.00230616 0.00222028]
 ...
 [0.00223526 0.00225189 0.0021042  ... 0.00226521 0.00224289 0.00216035]
 [0.00248464 0.0025051  0.00234204 ... 0.00251824 0.00249027 0.00240002]
 [0.00219272 0.00221036 0.00206447 ... 0.00222398 0.00220145 0.00212114]]","[[0.00078641 0.00079039 0.00079061 ... 0.00066848 0.00067635 0.00065682]
 [0.00084052 0.00084052 0.00084052 ... 0.00049828 0.00048755 0.00048812]
 [0.00066224 0.0006647  0.00066641 ... 0.00076283 0.00076933 0.00074964]
 ...
 [0.00048241 0.00048241 0.00048241 ... 0.00070392 0.00068889 0.00068919]
 [0.0001092  0.0001092  0.0001092  ... 0.00076887 0.00076353 0.00076976]
 [0.00095821 0.00095858 0.00095532 ... 0.00073747 0.00074396 0.00072463]]","[7.0862511e-06 4.2174274e-06 3.8490120e-06 ... 3.7218699e-06 5.9756262e-06
 4.1516923e-06]","(4.919386810797732e-06, 2.6496506961848354e-06)",[0.002662   0.00205364 0.00196189 ... 0.00192921 0.00244451 0.00203757],"(0.00217567034997046, 0.0004311336379032582)","[2.6060514e-02 5.1864698e-03 6.6260740e-02 ... 2.2894572e-02 4.4195847e+01
 3.1075306e-02]","(4.981103897094727, 61.831356048583984)",[4.7504725 3.2960944 3.2017734 ... 3.3287733 6.1000996 4.419609 ],"(4.294882297515869, 1.3024132251739502)",[0.6341694  0.7884366  0.7946194  ... 0.76111317 0.5445458  0.56659496],"(0.6573668718338013, 0.10490606725215912)"
