,test_preds,test_truths,MSEs,MSE,RMSEs,RMSE,TMSEs,TMSE,SIDs,SID,SISs,SIS
ChemGPT-4.7M,"[[0.00253825 0.00255654 0.00238984 ... 0.00257235 0.00254428 0.00245258]
 [0.00251071 0.0025311  0.00236665 ... 0.0025452  0.00251877 0.00242666]
 [0.00235394 0.00237096 0.00221758 ... 0.00238773 0.00236239 0.00227579]
 ...
 [0.00245511 0.00247382 0.00231362 ... 0.00248859 0.00246151 0.00237466]
 [0.00227548 0.00229166 0.00214286 ... 0.0023065  0.00228233 0.00219764]
 [0.00240121 0.00242323 0.00226454 ... 0.00243696 0.00240933 0.00232333]]","[[0.00065335 0.00065751 0.00065664 ... 0.00055268 0.00055619 0.00055197]
 [0.00060137 0.00059222 0.00059868 ... 0.00051182 0.00051284 0.00051764]
 [0.00032637 0.00032851 0.00033004 ... 0.00065536 0.00065696 0.00064959]
 ...
 [0.00010431 0.00010668 0.00010681 ... 0.00054939 0.00055633 0.00053187]
 [0.00026898 0.0002701  0.00027052 ... 0.00049761 0.00049969 0.00049332]
 [0.00042537 0.00042623 0.00042813 ... 0.00051708 0.00051909 0.00051222]]","[4.8524344e-06 5.4779916e-06 4.0902910e-06 ... 4.9426944e-06 3.8469389e-06
 4.1701455e-06]","(4.787321813637391e-06, 2.5532926883897744e-06)",[0.00220282 0.00234051 0.00202245 ... 0.00222322 0.00196136 0.00204209],"(0.0021560839377343655, 0.00037234401679597795)",[0.05682167 0.09658337 0.05836906 ... 0.07406697 0.00679657 0.07660744],"(2.8423492908477783, 29.093669891357422)",[4.046411  4.653186  3.4569051 ... 4.3958325 3.4976287 3.5756538],"(4.149575710296631, 1.2486553192138672)",[0.69754964 0.6391349  0.826068   ... 0.6685438  0.75232726 0.8189536 ],"(0.6797558069229126, 0.10382723063230515)"
