,test_preds,test_truths,MSEs,MSE,RMSEs,RMSE,TMSEs,TMSE,SIDs,SID,SISs,SIS
ChemBERTa-5M-MTR,"[[0.00048976 0.00051406 0.00049833 ... 0.00065292 0.00065027 0.00065843]
 [0.00076411 0.00074587 0.00073386 ... 0.00079954 0.00081185 0.00079606]
 [0.00069798 0.00069965 0.00068633 ... 0.000648   0.00066125 0.00063876]
 ...
 [0.00073102 0.00073816 0.00070944 ... 0.00062065 0.00062176 0.00060991]
 [0.00059623 0.00060608 0.00059867 ... 0.00056637 0.00056171 0.00054176]
 [0.00045522 0.00045143 0.00045744 ... 0.00055679 0.00055154 0.00054367]]","[[0.00065335 0.00065751 0.00065664 ... 0.00055268 0.00055619 0.00055197]
 [0.00060137 0.00059222 0.00059868 ... 0.00051182 0.00051284 0.00051764]
 [0.00032637 0.00032851 0.00033004 ... 0.00065536 0.00065696 0.00064959]
 ...
 [0.00010431 0.00010668 0.00010681 ... 0.00054939 0.00055633 0.00053187]
 [0.00026898 0.0002701  0.00027052 ... 0.00049761 0.00049969 0.00049332]
 [0.00042537 0.00042623 0.00042813 ... 0.00051708 0.00051909 0.00051222]]","[2.9279565e-07 7.8564585e-07 8.4120977e-08 ... 5.0658429e-07 2.2274506e-07
 8.5598785e-08]","(4.4076847416363307e-07, 3.793113137362525e-06)",[0.00054111 0.00088637 0.00029004 ... 0.00071175 0.00047196 0.00029257],"(0.0005653740954585373, 0.000348044210113585)",[0.02610604 0.01028229 0.00520197 ... 0.01345036 0.00028016 0.01955644],"(0.3646658658981323, 10.153879165649414)",[0.3540967  0.67554957 0.19428584 ... 0.48867172 0.25327298 0.127778  ],"(0.4306822717189789, 0.6558108925819397)",[0.8521423  0.74482805 0.9008629  ... 0.8030852  0.87341356 0.9401923 ],"(0.8375385999679565, 0.07894209772348404)"
