,test_preds,test_truths,MSEs,MSE,RMSEs,RMSE,TMSEs,TMSE,SIDs,SID,SISs,SIS
ChemBERTa-5M-MTR,"[[0.00082225 0.00083842 0.00081966 ... 0.00102667 0.00101274 0.00100326]
 [0.0006017  0.00058572 0.0005918  ... 0.00056939 0.00055908 0.00056381]
 [0.0007414  0.00075127 0.00074296 ... 0.00063133 0.00062458 0.00061222]
 ...
 [0.00067148 0.00069584 0.00066534 ... 0.00081472 0.0008078  0.00078523]
 [0.00091042 0.00092053 0.00087337 ... 0.00075964 0.00077406 0.00076225]
 [0.00055113 0.00057481 0.0005486  ... 0.00067849 0.00067441 0.00066909]]","[[0.00078641 0.00079039 0.00079061 ... 0.00066848 0.00067635 0.00065682]
 [0.00084052 0.00084052 0.00084052 ... 0.00049828 0.00048755 0.00048812]
 [0.00066224 0.0006647  0.00066641 ... 0.00076283 0.00076933 0.00074964]
 ...
 [0.00048241 0.00048241 0.00048241 ... 0.00070392 0.00068889 0.00068919]
 [0.0001092  0.0001092  0.0001092  ... 0.00076887 0.00076353 0.00076976]
 [0.00095821 0.00095858 0.00095532 ... 0.00073747 0.00074396 0.00072463]]","[8.7789209e-07 1.0341559e-07 1.5343936e-07 ... 1.7713185e-07 6.0194503e-07
 2.0746039e-07]","(4.181787573998008e-07, 1.3967004406367778e-06)",[0.00093696 0.00032158 0.00039171 ... 0.00042087 0.00077585 0.00045548],"(0.0005762476939707994, 0.0002934820658992976)","[3.5653148e-02 3.8560352e-04 1.0060295e-02 ... 8.2977262e-04 5.4656237e-01
 6.5759714e-03]","(0.31024742126464844, 6.976041793823242)",[0.89277655 0.17238599 0.2540813  ... 0.23799314 0.8417244  0.2801693 ],"(0.42846718430519104, 0.4940190613269806)",[0.6929415 0.9145731 0.8801767 ... 0.8839935 0.690698  0.8629999],"(0.8385372757911682, 0.07983681559562683)"
