,test_preds,test_truths,MSEs,MSE,RMSEs,RMSE,TMSEs,TMSE,SIDs,SID,SISs,SIS
ChemBERTa-5M-MTR,"[[0.00060169 0.0006351  0.000631   ... 0.0008577  0.00082555 0.00092211]
 [0.0006878  0.00065157 0.00063893 ... 0.00058212 0.00056524 0.0005657 ]
 [0.00071302 0.00077228 0.00076149 ... 0.00071977 0.00069956 0.00066516]
 ...
 [0.0005118  0.00051454 0.00048414 ... 0.00071371 0.00069794 0.00070388]
 [0.00078805 0.00069688 0.00071841 ... 0.00061045 0.00058325 0.00059105]
 [0.00062385 0.00065125 0.00065757 ... 0.00077177 0.00074721 0.00074913]]","[[0.00078641 0.00079039 0.00079061 ... 0.00066848 0.00067635 0.00065682]
 [0.00084052 0.00084052 0.00084052 ... 0.00049828 0.00048755 0.00048812]
 [0.00066224 0.0006647  0.00066641 ... 0.00076283 0.00076933 0.00074964]
 ...
 [0.00048241 0.00048241 0.00048241 ... 0.00070392 0.00068889 0.00068919]
 [0.0001092  0.0001092  0.0001092  ... 0.00076887 0.00076353 0.00076976]
 [0.00095821 0.00095858 0.00095532 ... 0.00073747 0.00074396 0.00072463]]","[1.0487021e-06 9.9418337e-08 1.5761022e-07 ... 1.8972572e-07 7.3609920e-07
 1.9714395e-07]","(4.256208114838955e-07, 1.4094828202360077e-06)",[0.00102406 0.00031531 0.000397   ... 0.00043558 0.00085796 0.00044401],"(0.0005814707255922258, 0.000295849924441427)",[0.00084455 0.00011614 0.00044033 ... 0.00018548 0.05621084 0.00038441],"(0.10183350741863251, 3.2367208003997803)",[0.762723   0.15973431 0.19816205 ... 0.22375214 0.7790759  0.20528005],"(0.3573321998119354, 0.4733220934867859)",[0.715078   0.9190715  0.9040412  ... 0.88822067 0.68684995 0.8956313 ],"(0.8586345911026001, 0.07475786656141281)"
