,test_preds,test_truths,MSEs,MSE,RMSEs,RMSE,TMSEs,TMSE,SIDs,SID,SISs,SIS
ChemBERTa-5M-MTR,"[[0.00048534 0.0004676  0.00047252 ... 0.00067135 0.00068238 0.0006855 ]
 [0.00054466 0.00050196 0.00054079 ... 0.00074107 0.00073788 0.00074485]
 [0.00071263 0.00075728 0.00072965 ... 0.0006634  0.00068748 0.00067478]
 ...
 [0.00067045 0.00068416 0.00066471 ... 0.00055954 0.0005427  0.00057071]
 [0.00052194 0.00049529 0.00050975 ... 0.00056567 0.00056182 0.00053288]
 [0.00047267 0.00046175 0.00045914 ... 0.00052267 0.00051841 0.00053672]]","[[0.00065335 0.00065751 0.00065664 ... 0.00055268 0.00055619 0.00055197]
 [0.00060137 0.00059222 0.00059868 ... 0.00051182 0.00051284 0.00051764]
 [0.00032637 0.00032851 0.00033004 ... 0.00065536 0.00065696 0.00064959]
 ...
 [0.00010431 0.00010668 0.00010681 ... 0.00054939 0.00055633 0.00053187]
 [0.00026898 0.0002701  0.00027052 ... 0.00049761 0.00049969 0.00049332]
 [0.00042537 0.00042623 0.00042813 ... 0.00051708 0.00051909 0.00051222]]","[2.9182189e-07 5.8828886e-07 7.3510193e-08 ... 5.8413093e-07 2.1611102e-07
 7.3814384e-08]","(3.8985132277957746e-07, 1.0179546734434552e-06)",[0.00054021 0.000767   0.00027113 ... 0.00076428 0.00046488 0.00027169],"(0.0005586128099821508, 0.00027894836966879666)",[0.00052012 0.00153863 0.00029546 ... 0.00087349 0.0001279  0.0002222 ],"(0.07947973906993866, 2.028850555419922)",[0.28573045 0.47090444 0.15487547 ... 0.46893218 0.20380053 0.08803545],"(0.3485563099384308, 0.41847530007362366)",[0.8759944  0.80461943 0.9177479  ... 0.7979641  0.8947236  0.95753413],"(0.8602063059806824, 0.07383260875940323)"
