,test_preds,test_truths,MSEs,MSE,RMSEs,RMSE,TMSEs,TMSE,SIDs,SID,SISs,SIS
ChemBERTa-5M-MTR,"[[0.0008258  0.00089822 0.00085843 ... 0.00077662 0.000779   0.00078778]
 [0.0008313  0.00090872 0.00086574 ... 0.00078427 0.00078805 0.00079625]
 [0.00081969 0.00089179 0.00085115 ... 0.00077107 0.00077406 0.00077895]
 ...
 [0.00077728 0.00085064 0.00081087 ... 0.00073538 0.00073708 0.00074509]
 [0.0008776  0.00094325 0.00091343 ... 0.00082444 0.00082897 0.0008381 ]
 [0.00080283 0.00087069 0.00083336 ... 0.00075618 0.00075942 0.00076501]]","[[0.00065335 0.00065751 0.00065664 ... 0.00055268 0.00055619 0.00055197]
 [0.00060137 0.00059222 0.00059868 ... 0.00051182 0.00051284 0.00051764]
 [0.00032637 0.00032851 0.00033004 ... 0.00065536 0.00065696 0.00064959]
 ...
 [0.00010431 0.00010668 0.00010681 ... 0.00054939 0.00055633 0.00053187]
 [0.00026898 0.0002701  0.00027052 ... 0.00049761 0.00049969 0.00049332]
 [0.00042537 0.00042623 0.00042813 ... 0.00051708 0.00051909 0.00051222]]","[8.7098709e-07 8.7218837e-07 1.1518307e-07 ... 6.6491310e-07 3.2772115e-07
 2.5751999e-07]","(9.12353470994276e-07, 2.409304897810216e-06)",[0.00093327 0.00093391 0.00033939 ... 0.00081542 0.00057247 0.00050746],"(0.0008388601127080619, 0.000456827663583681)",[0.0011226  0.00234031 0.00060937 ... 0.00112941 0.0003696  0.00084878],"(0.38577941060066223, 3.0954861640930176)",[0.8188085  0.8352153  0.22913854 ... 0.70968    0.44030696 0.31184223],"(0.8967806696891785, 0.9735300540924072)",[0.6880629  0.6781503  0.88858956 ... 0.7059283  0.8078649  0.8491257 ],"(0.7029394507408142, 0.11833899468183517)"
