,test_preds,test_truths,MSEs,MSE,RMSEs,RMSE,TMSEs,TMSE,SIDs,SID,SISs,SIS
ChemBERTa-5M-MTR,"[[0.00082936 0.00090401 0.00086404 ... 0.00078419 0.00078528 0.00079326]
 [0.00078838 0.00085751 0.00082135 ... 0.00074322 0.00074543 0.00075073]
 [0.00081413 0.00087969 0.0008439  ... 0.00076466 0.00076883 0.00077387]
 ...
 [0.00077742 0.00084508 0.00080782 ... 0.00073446 0.00073321 0.00074301]
 [0.0007649  0.00083083 0.00079477 ... 0.00072321 0.00072484 0.00072722]
 [0.00078759 0.00085755 0.00081854 ... 0.00074165 0.0007466  0.00075018]]","[[0.00078641 0.00079039 0.00079061 ... 0.00066848 0.00067635 0.00065682]
 [0.00084052 0.00084052 0.00084052 ... 0.00049828 0.00048755 0.00048812]
 [0.00066224 0.0006647  0.00066641 ... 0.00076283 0.00076933 0.00074964]
 ...
 [0.00048241 0.00048241 0.00048241 ... 0.00070392 0.00068889 0.00068919]
 [0.0001092  0.0001092  0.0001092  ... 0.00076887 0.00076353 0.00076976]
 [0.00095821 0.00095858 0.00095532 ... 0.00073747 0.00074396 0.00072463]]","[1.3593796e-06 3.3105462e-07 2.9891834e-07 ... 3.6574497e-07 9.0981689e-07
 1.0294035e-06]","(1.133682758336363e-06, 2.4626879167044535e-06)",[0.00116592 0.00057537 0.00054673 ... 0.00060477 0.00095384 0.0010146 ],"(0.0009301667450927198, 0.0005181865417398512)","[1.0282238e-03 6.2886038e-04 9.4798021e-04 ... 7.3924987e-03 4.5032344e+00
 2.3777424e-03]","(0.8766553997993469, 14.059267044067383)",[1.1233859  0.51928675 0.34540728 ... 0.54882616 1.3783535  1.2295461 ],"(1.0852608680725098, 0.9452375769615173)",[0.6211799 0.769765  0.833106  ... 0.7611294 0.5637178 0.5687419],"(0.6636373996734619, 0.11732731759548187)"
