,test_preds,test_truths,MSEs,MSE,RMSEs,RMSE,TMSEs,TMSE,SIDs,SID,SISs,SIS
ChemBERTa-5M-MTR,"[[0.00061109 0.00059592 0.00066224 ... 0.00072763 0.00071624 0.00070181]
 [0.00062983 0.00066777 0.00067979 ... 0.00072743 0.00074104 0.000714  ]
 [0.00059082 0.00064193 0.00060498 ... 0.00062778 0.0006566  0.00061685]
 ...
 [0.00058597 0.00063782 0.00060271 ... 0.00060187 0.00062306 0.00060866]
 [0.00056201 0.00059639 0.00056693 ... 0.00053938 0.00057764 0.00055596]
 [0.00056016 0.00060228 0.00057635 ... 0.00058669 0.00062234 0.00058457]]","[[0.00065335 0.00065751 0.00065664 ... 0.00055268 0.00055619 0.00055197]
 [0.00060137 0.00059222 0.00059868 ... 0.00051182 0.00051284 0.00051764]
 [0.00032637 0.00032851 0.00033004 ... 0.00065536 0.00065696 0.00064959]
 ...
 [0.00010431 0.00010668 0.00010681 ... 0.00054939 0.00055633 0.00053187]
 [0.00026898 0.0002701  0.00027052 ... 0.00049761 0.00049969 0.00049332]
 [0.00042537 0.00042623 0.00042813 ... 0.00051708 0.00051909 0.00051222]]","[5.5557456e-07 7.5327267e-07 1.5030496e-07 ... 7.2954737e-07 2.8927718e-07
 3.4186226e-07]","(8.13179667602526e-07, 2.2566612187802093e-06)",[0.00074537 0.00086791 0.00038769 ... 0.00085414 0.00053784 0.00058469],"(0.0007929216371849179, 0.00042950728675350547)",[0.00032216 0.00130961 0.00021654 ... 0.00048467 0.00012951 0.0002356 ],"(0.19582608342170715, 2.948824644088745)",[0.38195536 0.719199   0.22410488 ... 0.66487026 0.30319235 0.30878422],"(0.7090957164764404, 0.8830276131629944)",[0.86260825 0.708282   0.8942726  ... 0.7219347  0.84919    0.8685164 ],"(0.7591368556022644, 0.11407192796468735)"
