,test_preds,test_truths,MSEs,MSE,RMSEs,RMSE,TMSEs,TMSE,SIDs,SID,SISs,SIS
ChemBERTa-5M-MTR,"[[0.00063612 0.00065435 0.00070243 ... 0.00073283 0.0007292  0.00071261]
 [0.00062213 0.00069316 0.00066126 ... 0.00068709 0.00070982 0.00067205]
 [0.00060561 0.00062154 0.00059671 ... 0.00054693 0.00058127 0.00057866]
 ...
 [0.00059507 0.0006309  0.00062096 ... 0.00064507 0.00069012 0.00064733]
 [0.00059133 0.00064452 0.00061338 ... 0.0006208  0.00064539 0.00061421]
 [0.00055081 0.00056229 0.000581   ... 0.00067019 0.00066297 0.00063125]]","[[0.00078641 0.00079039 0.00079061 ... 0.00066848 0.00067635 0.00065682]
 [0.00084052 0.00084052 0.00084052 ... 0.00049828 0.00048755 0.00048812]
 [0.00066224 0.0006647  0.00066641 ... 0.00076283 0.00076933 0.00074964]
 ...
 [0.00048241 0.00048241 0.00048241 ... 0.00070392 0.00068889 0.00068919]
 [0.0001092  0.0001092  0.0001092  ... 0.00076887 0.00076353 0.00076976]
 [0.00095821 0.00095858 0.00095532 ... 0.00073747 0.00074396 0.00072463]]","[1.1202688e-06 3.5177322e-07 2.0134721e-07 ... 3.4192220e-07 8.8134658e-07
 8.1644248e-07]","(1.0177810736422543e-06, 2.2970330064708833e-06)",[0.00105843 0.0005931  0.00044872 ... 0.00058474 0.0009388  0.00090357],"(0.0008847302524372935, 0.00048484286526218057)","[5.8913534e-04 4.3738849e-04 2.7669966e-04 ... 4.2079631e-03 1.2365364e+00
 3.4895015e-04]","(0.33182820677757263, 3.0357229709625244)",[0.8607282  0.529256   0.2643261  ... 0.4933992  1.1932622  0.65270776],"(0.8672297596931458, 0.8282763957977295)",[0.69401026 0.7699442  0.8728552  ... 0.7857421  0.5797079  0.72500443],"(0.7190623879432678, 0.11563035845756531)"
