,test_preds,test_truths,MSEs,MSE,RMSEs,RMSE,TMSEs,TMSE,SIDs,SID,SISs,SIS
ChemGPT-4.7M,"[[0.00070961 0.00060801 0.00065238 ... 0.00079553 0.00075215 0.00067422]
 [0.00058736 0.00057397 0.00057703 ... 0.00057837 0.00054231 0.00050791]
 [0.00065987 0.00065928 0.00066816 ... 0.00057948 0.00057702 0.00058142]
 ...
 [0.00064815 0.00067621 0.00066357 ... 0.00062343 0.00074162 0.00065897]
 [0.00076299 0.00077371 0.00071579 ... 0.00079745 0.00073931 0.00073541]
 [0.00058554 0.00055569 0.00064447 ... 0.00069174 0.00071852 0.0006903 ]]","[[0.00078641 0.00079039 0.00079061 ... 0.00066848 0.00067635 0.00065682]
 [0.00084052 0.00084052 0.00084052 ... 0.00049828 0.00048755 0.00048812]
 [0.00066224 0.0006647  0.00066641 ... 0.00076283 0.00076933 0.00074964]
 ...
 [0.00048241 0.00048241 0.00048241 ... 0.00070392 0.00068889 0.00068919]
 [0.0001092  0.0001092  0.0001092  ... 0.00076887 0.00076353 0.00076976]
 [0.00095821 0.00095858 0.00095532 ... 0.00073747 0.00074396 0.00072463]]","[8.7041974e-07 2.3438056e-07 1.3929150e-07 ... 2.9425593e-07 6.2710842e-07
 2.9307301e-07]","(5.594579306489322e-07, 1.5342965298259514e-06)",[0.00093296 0.00048413 0.00037322 ... 0.00054245 0.0007919  0.00054136],"(0.0006667430861853063, 0.00033901442657224834)","[6.0283043e-04 3.1377809e-04 1.6491016e-04 ... 2.7977501e-03 3.1402653e-01
 2.1625016e-04]","(0.11577654629945755, 2.20863676071167)",[0.6522592  0.33724448 0.17362967 ... 0.41588396 0.78204924 0.25568765],"(0.5195168256759644, 0.5526823997497559)",[0.7437967  0.84589475 0.9095532  ... 0.81277573 0.71092147 0.8710903 ],"(0.8084604144096375, 0.09290110319852829)"
