,test_preds,test_truths,MSEs,MSE,RMSEs,RMSE,TMSEs,TMSE,SIDs,SID,SISs,SIS
ChemGPT-4.7M,"[[0.00064687 0.0006269  0.00060379 ... 0.00081773 0.00082397 0.00078081]
 [0.00056799 0.0005408  0.00054511 ... 0.00067309 0.00068361 0.0005929 ]
 [0.00062906 0.00064959 0.00068224 ... 0.00057661 0.0005974  0.00057531]
 ...
 [0.00062325 0.00055019 0.00057705 ... 0.00057188 0.00059544 0.00053284]
 [0.00051659 0.0005386  0.00055697 ... 0.0005696  0.00053852 0.00054668]
 [0.0004821  0.00048403 0.00049753 ... 0.00051092 0.00053626 0.00052304]]","[[0.00065335 0.00065751 0.00065664 ... 0.00055268 0.00055619 0.00055197]
 [0.00060137 0.00059222 0.00059868 ... 0.00051182 0.00051284 0.00051764]
 [0.00032637 0.00032851 0.00033004 ... 0.00065536 0.00065696 0.00064959]
 ...
 [0.00010431 0.00010668 0.00010681 ... 0.00054939 0.00055633 0.00053187]
 [0.00026898 0.0002701  0.00027052 ... 0.00049761 0.00049969 0.00049332]
 [0.00042537 0.00042623 0.00042813 ... 0.00051708 0.00051909 0.00051222]]","[3.2996383e-07 6.2318503e-07 7.3005580e-08 ... 3.7628152e-07 1.4172846e-07
 1.3214979e-07]","(4.300471800888772e-07, 1.3170869124223827e-06)",[0.00057442 0.00078942 0.0002702  ... 0.00061342 0.00037647 0.00036352],"(0.0005764068919233978, 0.0003127518866676837)","[3.7637350e-04 1.2106029e-03 1.2906072e-04 ... 4.5800887e-04 8.8645429e-05
 2.1528441e-04]","(0.07910734415054321, 2.3814735412597656)",[0.24022788 0.54460084 0.12670816 ... 0.3641999  0.18556142 0.16291618],"(0.4040984809398651, 0.6380649209022522)",[0.8964911  0.76651776 0.9298709  ... 0.8352524  0.9004577  0.9161983 ],"(0.8453959226608276, 0.0906987264752388)"
