,test_preds,test_truths,MSEs,MSE,RMSEs,RMSE,TMSEs,TMSE,SIDs,SID,SISs,SIS
ChemGPT-4.7M,"[[0.00072308 0.00071155 0.00075851 ... 0.00081771 0.00078634 0.00075088]
 [0.00064744 0.00063444 0.00068207 ... 0.00066006 0.00067867 0.00065481]
 [0.0006398  0.00061551 0.0006039  ... 0.00058971 0.00059422 0.00058816]
 ...
 [0.00071602 0.00066441 0.00071459 ... 0.00064236 0.00068354 0.0006511 ]
 [0.00061994 0.00060575 0.00059502 ... 0.00056157 0.00057433 0.00058313]
 [0.00057483 0.0006844  0.00057345 ... 0.00068404 0.0006709  0.00059918]]","[[0.00078641 0.00079039 0.00079061 ... 0.00066848 0.00067635 0.00065682]
 [0.00084052 0.00084052 0.00084052 ... 0.00049828 0.00048755 0.00048812]
 [0.00066224 0.0006647  0.00066641 ... 0.00076283 0.00076933 0.00074964]
 ...
 [0.00048241 0.00048241 0.00048241 ... 0.00070392 0.00068889 0.00068919]
 [0.0001092  0.0001092  0.0001092  ... 0.00076887 0.00076353 0.00076976]
 [0.00095821 0.00095858 0.00095532 ... 0.00073747 0.00074396 0.00072463]]","[9.7698512e-07 3.4737968e-07 1.9413150e-07 ... 3.8531331e-07 8.2290342e-07
 5.1454322e-07]","(7.256963385771087e-07, 1.6245662664005067e-06)",[0.00098843 0.00058939 0.0004406  ... 0.00062074 0.00090714 0.00071732],"(0.0007731624646112323, 0.0003576834569685161)","[7.2197296e-04 4.5844229e-04 2.0584572e-04 ... 4.2403238e-03 2.9998782e-01
 2.2951621e-04]","(0.09403298795223236, 1.370435118675232)",[0.74744666 0.49773362 0.22570647 ... 0.5265886  1.0119756  0.3763977 ],"(0.647039532661438, 0.6470369100570679)",[0.7158082  0.77918875 0.8977323  ... 0.7643319  0.6236003  0.8334061 ],"(0.772655189037323, 0.09936967492103577)"
