,test_preds,test_truths,MSEs,MSE,RMSEs,RMSE,TMSEs,TMSE,SIDs,SID,SISs,SIS
ChemGPT-4.7M,"[[0.00067817 0.00063174 0.00069395 ... 0.00079098 0.00078263 0.00074086]
 [0.00061323 0.00060291 0.00062133 ... 0.00067862 0.00067356 0.00066856]
 [0.00057971 0.00058564 0.00057389 ... 0.00056188 0.00059434 0.00056922]
 ...
 [0.00058384 0.00061647 0.00058621 ... 0.00056773 0.00055424 0.0005532 ]
 [0.00055965 0.00054101 0.00054408 ... 0.00054587 0.00053771 0.00055352]
 [0.00067682 0.00061948 0.00064055 ... 0.00062153 0.00066999 0.00062295]]","[[0.00065335 0.00065751 0.00065664 ... 0.00055268 0.00055619 0.00055197]
 [0.00060137 0.00059222 0.00059868 ... 0.00051182 0.00051284 0.00051764]
 [0.00032637 0.00032851 0.00033004 ... 0.00065536 0.00065696 0.00064959]
 ...
 [0.00010431 0.00010668 0.00010681 ... 0.00054939 0.00055633 0.00053187]
 [0.00026898 0.0002701  0.00027052 ... 0.00049761 0.00049969 0.00049332]
 [0.00042537 0.00042623 0.00042813 ... 0.00051708 0.00051909 0.00051222]]","[4.7819594e-07 6.0790575e-07 1.3538674e-07 ... 4.8826666e-07 2.5325767e-07
 2.8785331e-07]","(6.01789622578508e-07, 1.514855284767691e-06)",[0.00069152 0.00077968 0.00036795 ... 0.00069876 0.00050325 0.00053652],"(0.0006964863860048354, 0.00034162847441621125)",[0.00039812 0.0012191  0.00018308 ... 0.00029416 0.00012929 0.00026891],"(0.07275201380252838, 1.963346242904663)",[0.32980114 0.5592919  0.19493204 ... 0.41174528 0.25537235 0.28042638],"(0.5367169976234436, 0.7627007961273193)",[0.8661489  0.76025057 0.91229796 ... 0.8361709  0.8725989  0.8670585 ],"(0.807290256023407, 0.0989542007446289)"
