,test_preds,test_truths,MSEs,MSE,RMSEs,RMSE,TMSEs,TMSE,SIDs,SID,SISs,SIS
ChemBERTa-5M-MTR,"[[0.00051807 0.00051653 0.00050491 ... 0.00071897 0.00073053 0.00071462]
 [0.00059444 0.00058907 0.00059268 ... 0.00075915 0.00074551 0.00072188]
 [0.00071071 0.00071626 0.0007042  ... 0.00064647 0.00067383 0.00065358]
 ...
 [0.00070129 0.00068826 0.00070533 ... 0.00064745 0.0006418  0.00065348]
 [0.00047744 0.00048208 0.00047682 ... 0.0005055  0.00050686 0.00050776]
 [0.00049592 0.00050784 0.0004937  ... 0.0005369  0.00054007 0.00051877]]","[[0.00065335 0.00065751 0.00065664 ... 0.00055268 0.00055619 0.00055197]
 [0.00060137 0.00059222 0.00059868 ... 0.00051182 0.00051284 0.00051764]
 [0.00032637 0.00032851 0.00033004 ... 0.00065536 0.00065696 0.00064959]
 ...
 [0.00010431 0.00010668 0.00010681 ... 0.00054939 0.00055633 0.00053187]
 [0.00026898 0.0002701  0.00027052 ... 0.00049761 0.00049969 0.00049332]
 [0.00042537 0.00042623 0.00042813 ... 0.00051708 0.00051909 0.00051222]]","[1.9853150e-07 3.2615668e-07 3.7946073e-08 ... 2.6850736e-07 1.0274633e-07
 8.7224535e-08]","(2.974224742047227e-07, 8.65185825205117e-07)",[0.00044557 0.0005711  0.0001948  ... 0.00051818 0.00032054 0.00029534],"(0.00047764796181581914, 0.0002632166142575443)",[0.00790051 0.00227519 0.00083912 ... 0.02465031 0.00011404 0.00267979],"(0.4071508049964905, 13.535043716430664)",[0.17387049 0.29438064 0.09552968 ... 0.3235133  0.13552575 0.09903594],"(0.3241223692893982, 0.4832150936126709)",[0.9242264  0.8701537  0.9471177  ... 0.86735284 0.9246555  0.94918793],"(0.8747367262840271, 0.07897339761257172)"
