,test_preds,test_truths,MSEs,MSE,RMSEs,RMSE,TMSEs,TMSE,SIDs,SID,SISs,SIS
ChemBERTa-5M-MTR,"[[0.00085811 0.00088036 0.00086554 ... 0.00116279 0.00116981 0.00113917]
 [0.00062933 0.00063089 0.0006214  ... 0.00058991 0.00060613 0.00059271]
 [0.00070695 0.00072038 0.00072231 ... 0.00071269 0.00069322 0.00070744]
 ...
 [0.00059704 0.00062491 0.0006129  ... 0.00078398 0.00076341 0.00078287]
 [0.00095145 0.0009597  0.00094356 ... 0.00087147 0.00085393 0.00085827]
 [0.00059881 0.00061173 0.00059579 ... 0.00074517 0.00073284 0.00075189]]","[[0.00078641 0.00079039 0.00079061 ... 0.00066848 0.00067635 0.00065682]
 [0.00084052 0.00084052 0.00084052 ... 0.00049828 0.00048755 0.00048812]
 [0.00066224 0.0006647  0.00066641 ... 0.00076283 0.00076933 0.00074964]
 ...
 [0.00048241 0.00048241 0.00048241 ... 0.00070392 0.00068889 0.00068919]
 [0.0001092  0.0001092  0.0001092  ... 0.00076887 0.00076353 0.00076976]
 [0.00095821 0.00095858 0.00095532 ... 0.00073747 0.00074396 0.00072463]]","[6.3063197e-07 1.5967414e-07 8.2714017e-08 ... 2.6793467e-07 6.6985928e-07
 1.5615657e-07]","(4.79247432849661e-07, 1.4887925772200106e-06)",[0.00079412 0.00039959 0.0002876  ... 0.00051762 0.00081845 0.00039517],"(0.0006027051131241024, 0.0003406073374208063)","[2.1476686e-02 3.3938279e-04 1.3101468e-03 ... 2.7609405e-03 6.3636625e-01
 3.6649187e-03]","(0.6221571564674377, 22.855926513671875)",[0.69963694 0.25110006 0.13175565 ... 0.38664198 0.9456059  0.20106702],"(0.46152687072753906, 0.5288076400756836)",[0.7510832  0.8818477  0.9346125  ... 0.8302037  0.67405695 0.89749026],"(0.8311071395874023, 0.08878578245639801)"
