,test_preds,test_truths,MSEs,MSE,RMSEs,RMSE,TMSEs,TMSE,SIDs,SID,SISs,SIS
exp,"[[0.0005812  0.00058455 0.00058127 ... 0.00079246 0.00078984 0.00078873]
 [0.00059258 0.00059545 0.00060406 ... 0.0006759  0.00070105 0.00068633]
 [0.00067084 0.00067142 0.00067471 ... 0.00061785 0.00061582 0.00061721]
 ...
 [0.00073674 0.00073297 0.00075469 ... 0.00065802 0.0006637  0.00066645]
 [0.00048864 0.00050055 0.00048629 ... 0.00054654 0.00055357 0.00054243]
 [0.00047789 0.00047533 0.00048115 ... 0.00059913 0.00058849 0.00059411]]","[[0.00065335 0.00065751 0.00065664 ... 0.00055268 0.00055619 0.00055197]
 [0.00060137 0.00059222 0.00059868 ... 0.00051182 0.00051284 0.00051764]
 [0.00032637 0.00032851 0.00033004 ... 0.00065536 0.00065696 0.00064959]
 ...
 [0.00010431 0.00010668 0.00010681 ... 0.00054939 0.00055633 0.00053187]
 [0.00026898 0.0002701  0.00027052 ... 0.00049761 0.00049969 0.00049332]
 [0.00042537 0.00042623 0.00042813 ... 0.00051708 0.00051909 0.00051222]]","[2.6064819e-07 5.6493548e-07 7.7845158e-08 ... 6.4514080e-07 2.0124826e-07
 7.5046358e-08]","(3.528278966768994e-07, 8.667485644764383e-07)",[0.00051054 0.00075162 0.00027901 ... 0.00080321 0.00044861 0.00027395],"(0.000533388345502317, 0.0002614053664728999)",[0.00055001 0.0006298  0.00028156 ... 0.00229885 0.00013718 0.00057266],"(0.0599917471408844, 2.0021424293518066)",[0.25764167 0.4476746  0.13744347 ... 0.5591216  0.17378522 0.09887147],"(0.31106406450271606, 0.3734654188156128)",[0.88844556 0.8103648  0.9279983  ... 0.7752595  0.9100978  0.9531295 ],"(0.8740401268005371, 0.06916652619838715)"
