,test_preds,test_truths,MSEs,MSE,RMSEs,RMSE,TMSEs,TMSE,SIDs,SID,SISs,SIS
exp,"[[0.00066991 0.00067281 0.00066036 ... 0.00085079 0.00086509 0.00084971]
 [0.00065384 0.00065807 0.00064695 ... 0.00060649 0.00060903 0.00058597]
 [0.00079688 0.00079532 0.00079383 ... 0.00070488 0.00070813 0.00070372]
 ...
 [0.00047776 0.00051002 0.00050434 ... 0.0007018  0.00069481 0.00068843]
 [0.00076485 0.00076817 0.00079356 ... 0.0006438  0.0006551  0.00065157]
 [0.00072197 0.00071994 0.00071066 ... 0.00065571 0.00066963 0.00065714]]","[[0.00078641 0.00079039 0.00079061 ... 0.00066848 0.00067635 0.00065682]
 [0.00084052 0.00084052 0.00084052 ... 0.00049828 0.00048755 0.00048812]
 [0.00066224 0.0006647  0.00066641 ... 0.00076283 0.00076933 0.00074964]
 ...
 [0.00048241 0.00048241 0.00048241 ... 0.00070392 0.00068889 0.00068919]
 [0.0001092  0.0001092  0.0001092  ... 0.00076887 0.00076353 0.00076976]
 [0.00095821 0.00095858 0.00095532 ... 0.00073747 0.00074396 0.00072463]]","[9.2394635e-07 1.0629909e-07 1.1274724e-07 ... 1.5290333e-07 6.3739623e-07
 1.4422844e-07]","(3.872326885812072e-07, 1.3638863265441614e-06)",[0.00096122 0.00032604 0.00033578 ... 0.00039103 0.00079837 0.00037977],"(0.0005520367994904518, 0.00028723134892061353)",[0.00055486 0.00014226 0.00024557 ... 0.000133   0.0378071  0.00024049],"(0.09820214658975601, 4.040810585021973)",[0.69447863 0.1692444  0.1484902  ... 0.17179431 0.6944569  0.14738983],"(0.31664082407951355, 0.43420708179473877)",[0.73664063 0.91443264 0.9282688  ... 0.91260475 0.71484816 0.9252695 ],"(0.8736392855644226, 0.06981348246335983)"
