,test_preds,test_truths,MSEs,MSE,RMSEs,RMSE,TMSEs,TMSE,SIDs,SID,SISs,SIS
exp,"[[0.00053143 0.00052757 0.00053753 ... 0.00075208 0.00073947 0.00073178]
 [0.00055128 0.00055474 0.00057481 ... 0.00066197 0.0006512  0.00066216]
 [0.00075083 0.00074597 0.00074921 ... 0.00069474 0.0006998  0.00069334]
 ...
 [0.00062588 0.00063209 0.00063448 ... 0.00059453 0.00059338 0.0006025 ]
 [0.00050128 0.00049756 0.00049976 ... 0.00053404 0.00053604 0.00052594]
 [0.0004879  0.00048149 0.00048624 ... 0.00056452 0.00057353 0.00056234]]","[[0.00065335 0.00065751 0.00065664 ... 0.00055268 0.00055619 0.00055197]
 [0.00060137 0.00059222 0.00059868 ... 0.00051182 0.00051284 0.00051764]
 [0.00032637 0.00032851 0.00033004 ... 0.00065536 0.00065696 0.00064959]
 ...
 [0.00010431 0.00010668 0.00010681 ... 0.00054939 0.00055633 0.00053187]
 [0.00026898 0.0002701  0.00027052 ... 0.00049761 0.00049969 0.00049332]
 [0.00042537 0.00042623 0.00042813 ... 0.00051708 0.00051909 0.00051222]]","[2.3031204e-07 5.5290536e-07 6.3922826e-08 ... 3.5036484e-07 1.8047770e-07
 6.7218693e-08]","(3.4560633821456577e-07, 7.061998985591345e-07)",[0.00047991 0.00074358 0.00025283 ... 0.00059192 0.00042483 0.00025927],"(0.0005308400141075253, 0.0002526315220165998)",[0.00051975 0.00060136 0.00037127 ... 0.00085431 0.0001235  0.00033024],"(0.03856794163584709, 1.8199652433395386)",[0.22766827 0.43928695 0.12722611 ... 0.33075252 0.17123458 0.08499381],"(0.3069833517074585, 0.3623467683792114)",[0.89935637 0.8126876  0.9337328  ... 0.85568255 0.9102541  0.9589746 ],"(0.8741974234580994, 0.06855299323797226)"
