,test_preds,test_truths,MSEs,MSE,RMSEs,RMSE,TMSEs,TMSE,SIDs,SID,SISs,SIS
exp,"[[0.00073698 0.0007163  0.00072275 ... 0.00103725 0.00102647 0.00102904]
 [0.00068242 0.00067517 0.00068408 ... 0.00059738 0.00060225 0.00059009]
 [0.00083661 0.00083454 0.00082534 ... 0.00074352 0.00073353 0.00073575]
 ...
 [0.00046419 0.00046673 0.00047167 ... 0.0006809  0.00067137 0.0006667 ]
 [0.00072941 0.00070996 0.00072447 ... 0.00064911 0.00063513 0.00067678]
 [0.00068415 0.00068574 0.00070585 ... 0.00064733 0.00063505 0.00064164]]","[[0.00078641 0.00079039 0.00079061 ... 0.00066848 0.00067635 0.00065682]
 [0.00084052 0.00084052 0.00084052 ... 0.00049828 0.00048755 0.00048812]
 [0.00066224 0.0006647  0.00066641 ... 0.00076283 0.00076933 0.00074964]
 ...
 [0.00048241 0.00048241 0.00048241 ... 0.00070392 0.00068889 0.00068919]
 [0.0001092  0.0001092  0.0001092  ... 0.00076887 0.00076353 0.00076976]
 [0.00095821 0.00095858 0.00095532 ... 0.00073747 0.00074396 0.00072463]]","[9.5845792e-07 9.5433208e-08 1.1569994e-07 ... 1.3246044e-07 5.9968011e-07
 1.6746006e-07]","(3.8430746940321114e-07, 1.3441253940982278e-06)",[0.00097901 0.00030892 0.00034015 ... 0.00036395 0.00077439 0.00040922],"(0.0005514094955287874, 0.00028331682551652193)",[0.00060168 0.0001279  0.00047213 ... 0.00013202 0.03016969 0.00036616],"(0.16438406705856323, 8.2732515335083)",[0.7074847  0.16032837 0.14897    ... 0.15992256 0.6541661  0.16877958],"(0.3124941289424896, 0.42510056495666504)",[0.7329651  0.91850895 0.92803854 ... 0.91917825 0.728942   0.9130988 ],"(0.8735737800598145, 0.06915126740932465)"
