,test_preds,test_truths,MSEs,MSE,RMSEs,RMSE,TMSEs,TMSE,SIDs,SID,SISs,SIS
ChemBERTa-5M-MTR,"[[0.00053986 0.00057715 0.00057089 ... 0.00074648 0.00072468 0.00078267]
 [0.00057273 0.00056107 0.00054882 ... 0.00075293 0.00073358 0.00073835]
 [0.00055506 0.00055702 0.00054116 ... 0.00051336 0.00054347 0.00054241]
 ...
 [0.00073576 0.00069018 0.0007713  ... 0.00073358 0.00067349 0.00066962]
 [0.00055522 0.00055062 0.00058377 ... 0.00049435 0.00053085 0.0004916 ]
 [0.00047486 0.00049069 0.00051534 ... 0.0005148  0.0005592  0.0005007 ]]","[[0.00065335 0.00065751 0.00065664 ... 0.00055268 0.00055619 0.00055197]
 [0.00060137 0.00059222 0.00059868 ... 0.00051182 0.00051284 0.00051764]
 [0.00032637 0.00032851 0.00033004 ... 0.00065536 0.00065696 0.00064959]
 ...
 [0.00010431 0.00010668 0.00010681 ... 0.00054939 0.00055633 0.00053187]
 [0.00026898 0.0002701  0.00027052 ... 0.00049761 0.00049969 0.00049332]
 [0.00042537 0.00042623 0.00042813 ... 0.00051708 0.00051909 0.00051222]]","[2.8960523e-07 6.0137830e-07 9.1951748e-08 ... 3.6421613e-07 1.9204373e-07
 1.0276039e-07]","(4.231301033996715e-07, 1.014246663544327e-06)",[0.00053815 0.00077549 0.00030324 ... 0.0006035  0.00043823 0.00032056],"(0.0005826323176734149, 0.0002892740594688803)",[0.03203274 0.01905662 0.00452618 ... 0.04074859 0.00070219 0.0147908 ],"(0.39142364263534546, 8.72186279296875)",[0.3715281  0.58448946 0.2308135  ... 0.42952058 0.24223706 0.15801033],"(0.4926390051841736, 0.5889294743537903)",[0.8502217  0.7793744  0.8822043  ... 0.8255294  0.87831306 0.92306674],"(0.8184793591499329, 0.08114322274923325)"
