,test_preds,test_truths,MSEs,MSE,RMSEs,RMSE,TMSEs,TMSE,SIDs,SID,SISs,SIS
ChemBERTa-5M-MTR,"[[0.00088432 0.0010131  0.00093133 ... 0.00114343 0.00105387 0.00111867]
 [0.00062429 0.0006389  0.0006622  ... 0.00058644 0.00058077 0.00055797]
 [0.00067026 0.00066146 0.00067794 ... 0.00058422 0.00060253 0.00057795]
 ...
 [0.00063106 0.00065579 0.00062942 ... 0.00068639 0.00073229 0.00072464]
 [0.00076367 0.00072277 0.00073644 ... 0.00068112 0.00067756 0.00067615]
 [0.00047948 0.00055244 0.00051643 ... 0.00065904 0.00067906 0.00066253]]","[[0.00078641 0.00079039 0.00079061 ... 0.00066848 0.00067635 0.00065682]
 [0.00084052 0.00084052 0.00084052 ... 0.00049828 0.00048755 0.00048812]
 [0.00066224 0.0006647  0.00066641 ... 0.00076283 0.00076933 0.00074964]
 ...
 [0.00048241 0.00048241 0.00048241 ... 0.00070392 0.00068889 0.00068919]
 [0.0001092  0.0001092  0.0001092  ... 0.00076887 0.00076353 0.00076976]
 [0.00095821 0.00095858 0.00095532 ... 0.00073747 0.00074396 0.00072463]]","[9.6490339e-07 1.3409104e-07 1.5058941e-07 ... 1.6602357e-07 7.1751538e-07
 2.9257566e-07]","(4.4521780750983453e-07, 1.4156881888993667e-06)",[0.00098229 0.00036618 0.00038806 ... 0.00040746 0.00084706 0.0005409 ],"(0.000597529811784625, 0.0002969690540339798)","[4.4602245e-02 8.4330107e-04 1.3408025e-02 ... 4.0758951e-03 9.1280532e-01
 6.6268970e-03]","(0.3635997176170349, 5.472065448760986)",[1.1267393  0.23760708 0.28174302 ... 0.24664934 1.0010284  0.40476546],"(0.4999726414680481, 0.5243015289306641)",[0.652277   0.88680625 0.86682314 ... 0.88358337 0.65371203 0.8188942 ],"(0.8173852562904358, 0.0814826637506485)"
